Workbook
Name DA: Solver!$D$64:$X$84
Name DB: Solver!$D$148:$X$168
Name dx: Inputs!$B$9
Name dx_2: Inputs!$B$23
Name dx_3: Inputs!$B$22
Name err_2: Error!$D$133:$X$153
Name err_3: Error!$D$189:$X$209
Name errA: Error!$D$49:$X$69
Name errB: Error!$D$77:$X$97
Name ia: Inputs!$B$13
Name ib: Inputs!$B$14
Name ja: Inputs!$B$15
Name jb: Inputs!$B$16
Name L: Inputs!$B$5
Name N: Inputs!$B$6
Name N_2: Inputs!$B$21
Name N_3: Inputs!$B$20
Name rho: Inputs!$B$8
Name U0: Inputs!$B$7
Name uA: Solver!$D$8:$X$28
Name uB: Solver!$D$92:$X$112
Name vA: Solver!$D$36:$X$56
Name vB: Solver!$D$120:$X$140

Sheet Inputs
A1: F01 · Conservation of mass
A2: Every physical quantity below is a named cell. The formulas on the other tabs use the names.
A4: Name | B4: Value | C4: Unit | D4: Meaning
A5: L | B5: 1 | C5: m | D5: side of the square domain
A6: N | B6: 21 | C6: - | D6: cells per direction on the main grid (5 to 21)
A7: U0 | B7: 1 | C7: m/s | D7: velocity scale
A8: rho | B8: 1 | C8: kg/m3 | D8: density, constant
A9: dx | B9: =L/N -> 0.047619048 | C9: m | D9: cell size, computed from L and N
A11: Control volume, given as node indices on the main grid
A12: The divergence is not defined on the boundary nodes, so the box must satisfy 2 <= ia < ib <= N-1 and 2 <= ja < jb <= N-1.
A13: ia | B13: 3 | C13: - | D13: west face, node index
A14: ib | B14: 13 | C14: - | D14: east face, node index
A15: ja | B15: 5 | C15: - | D15: south face, node index
A16: jb | B16: 17 | C16: - | D16: north face, node index
A17: check | B17: =IF(OR(ia<2,ib>N-1,ja<2,jb>N-1,ia>=ib,ja>=jb),"box is outside the interior","ok") -> ok | D17: the box must lie inside the interior nodes
A19: Two coarser grids, used for the grid study on the Error tab
A20: N_3 | B20: 6 | C20: - | D20: coarsest grid, cells per direction
A21: N_2 | B21: 11 | C21: - | D21: middle grid, cells per direction
A22: dx_3 | B22: =L/N_3 -> 0.16666667 | C22: m | D22: cell size of the N_3 grid
A23: dx_2 | B23: =L/N_2 -> 0.090909091 | C23: m | D23: cell size of the N_2 grid
A25: Colour code
C26: input cell: type a value here
C27: boundary node: the central difference needs a neighbour on both sides, so no value is computed
C28: no fill: computed by a formula

Sheet Solver
A1: F01 · Solver
A2: Field A is the Taylor-Green field, equation (12). Field B is the test field, equation (14).
A4: u of field A [m/s]
A5: i | D5: 1 | E5: 2 | F5: 3 | G5: 4 | H5: 5 | I5: 6 | J5: 7 | K5: 8 | L5: 9 | M5: 10 | N5: 11 | O5: 12 | P5: 13 | Q5: 14 | R5: 15 | S5: 16 | T5: 17 | U5: 18 | V5: 19 | W5: 20 | X5: 21
A6: x [m] | D6: =IF(1<=N,(1-0.5)*dx,"") -> 0.023809524 | E6: =IF(2<=N,(2-0.5)*dx,"") -> 0.071428571 | F6: =IF(3<=N,(3-0.5)*dx,"") -> 0.11904762 | G6: =IF(4<=N,(4-0.5)*dx,"") -> 0.16666667 | H6: =IF(5<=N,(5-0.5)*dx,"") -> 0.21428571 | I6: =IF(6<=N,(6-0.5)*dx,"") -> 0.26190476 | J6: =IF(7<=N,(7-0.5)*dx,"") -> 0.30952381 | K6: =IF(8<=N,(8-0.5)*dx,"") -> 0.35714286 | L6: =IF(9<=N,(9-0.5)*dx,"") -> 0.4047619 | M6: =IF(10<=N,(10-0.5)*dx,"") -> 0.45238095 | N6: =IF(11<=N,(11-0.5)*dx,"") -> 0.5 | O6: =IF(12<=N,(12-0.5)*dx,"") -> 0.54761905 | P6: =IF(13<=N,(13-0.5)*dx,"") -> 0.5952381 | Q6: =IF(14<=N,(14-0.5)*dx,"") -> 0.64285714 | R6: =IF(15<=N,(15-0.5)*dx,"") -> 0.69047619 | S6: =IF(16<=N,(16-0.5)*dx,"") -> 0.73809524 | T6: =IF(17<=N,(17-0.5)*dx,"") -> 0.78571429 | U6: =IF(18<=N,(18-0.5)*dx,"") -> 0.83333333 | V6: =IF(19<=N,(19-0.5)*dx,"") -> 0.88095238 | W6: =IF(20<=N,(20-0.5)*dx,"") -> 0.92857143 | X6: =IF(21<=N,(21-0.5)*dx,"") -> 0.97619048
A7: j | B7: y [m]
A8: 1 | B8: =IF(1<=N,(1-0.5)*dx,"") -> 0.023809524 | D8: =IF(COUNT($B8,D$6)<2,"",U0*SIN(PI()*D$6/L)*COS(PI()*$B8/L)) -> 0.074521133 | E8: =IF(COUNT($B8,E$6)<2,"",U0*SIN(PI()*E$6/L)*COS(PI()*$B8/L)) -> 0.22189872 | F8: =IF(COUNT($B8,F$6)<2,"",U0*SIN(PI()*F$6/L)*COS(PI()*$B8/L)) -> 0.36431946 | G8: =IF(COUNT($B8,G$6)<2,"",U0*SIN(PI()*G$6/L)*COS(PI()*$B8/L)) -> 0.4986019 | H8: =IF(COUNT($B8,H$6)<2,"",U0*SIN(PI()*H$6/L)*COS(PI()*$B8/L)) -> 0.6217464 | I8: =IF(COUNT($B8,I$6)<2,"",U0*SIN(PI()*I$6/L)*COS(PI()*$B8/L)) -> 0.73100211 | J8: =IF(COUNT($B8,J$6)<2,"",U0*SIN(PI()*J$6/L)*COS(PI()*$B8/L)) -> 0.82392844 | K8: =IF(COUNT($B8,K$6)<2,"",U0*SIN(PI()*K$6/L)*COS(PI()*$B8/L)) -> 0.89844958 | ... X8: =IF(COUNT($B8,X$6)<2,"",U0*SIN(PI()*X$6/L)*COS(PI()*$B8/L)) -> 0.074521133
A9: 2 | B9: =IF(2<=N,(2-0.5)*dx,"") -> 0.071428571 | D9: =IF(COUNT($B9,D$6)<2,"",U0*SIN(PI()*D$6/L)*COS(PI()*$B9/L)) -> 0.072856454 | E9: =IF(COUNT($B9,E$6)<2,"",U0*SIN(PI()*E$6/L)*COS(PI()*$B9/L)) -> 0.21694187 | F9: =IF(COUNT($B9,F$6)<2,"",U0*SIN(PI()*F$6/L)*COS(PI()*$B9/L)) -> 0.35618116 | G9: =IF(COUNT($B9,G$6)<2,"",U0*SIN(PI()*G$6/L)*COS(PI()*$B9/L)) -> 0.48746396 | H9: =IF(COUNT($B9,H$6)<2,"",U0*SIN(PI()*H$6/L)*COS(PI()*$B9/L)) -> 0.60785761 | I9: =IF(COUNT($B9,I$6)<2,"",U0*SIN(PI()*I$6/L)*COS(PI()*$B9/L)) -> 0.71467273 | J9: =IF(COUNT($B9,J$6)<2,"",U0*SIN(PI()*J$6/L)*COS(PI()*$B9/L)) -> 0.80552324 | K9: =IF(COUNT($B9,K$6)<2,"",U0*SIN(PI()*K$6/L)*COS(PI()*$B9/L)) -> 0.8783797 | ... X9: =IF(COUNT($B9,X$6)<2,"",U0*SIN(PI()*X$6/L)*COS(PI()*$B9/L)) -> 0.072856454
A10: 3 | B10: =IF(3<=N,(3-0.5)*dx,"") -> 0.11904762 | D10: =IF(COUNT($B10,D$6)<2,"",U0*SIN(PI()*D$6/L)*COS(PI()*$B10/L)) -> 0.069564282 | E10: =IF(COUNT($B10,E$6)<2,"",U0*SIN(PI()*E$6/L)*COS(PI()*$B10/L)) -> 0.2071389 | F10: =IF(COUNT($B10,F$6)<2,"",U0*SIN(PI()*F$6/L)*COS(PI()*$B10/L)) -> 0.34008637 | G10: =IF(COUNT($B10,G$6)<2,"",U0*SIN(PI()*G$6/L)*COS(PI()*$B10/L)) -> 0.46543687 | H10: =IF(COUNT($B10,H$6)<2,"",U0*SIN(PI()*H$6/L)*COS(PI()*$B10/L)) -> 0.58039029 | I10: =IF(COUNT($B10,I$6)<2,"",U0*SIN(PI()*I$6/L)*COS(PI()*$B10/L)) -> 0.68237874 | J10: =IF(COUNT($B10,J$6)<2,"",U0*SIN(PI()*J$6/L)*COS(PI()*$B10/L)) -> 0.76912399 | K10: =IF(COUNT($B10,K$6)<2,"",U0*SIN(PI()*K$6/L)*COS(PI()*$B10/L)) -> 0.83868827 | ... X10: =IF(COUNT($B10,X$6)<2,"",U0*SIN(PI()*X$6/L)*COS(PI()*$B10/L)) -> 0.069564282
A11: 4 | B11: =IF(4<=N,(4-0.5)*dx,"") -> 0.16666667 | D11: =IF(COUNT($B11,D$6)<2,"",U0*SIN(PI()*D$6/L)*COS(PI()*$B11/L)) -> 0.064718159 | E11: =IF(COUNT($B11,E$6)<2,"",U0*SIN(PI()*E$6/L)*COS(PI()*$B11/L)) -> 0.19270878 | F11: =IF(COUNT($B11,F$6)<2,"",U0*SIN(PI()*F$6/L)*COS(PI()*$B11/L)) -> 0.31639461 | G11: =IF(COUNT($B11,G$6)<2,"",U0*SIN(PI()*G$6/L)*COS(PI()*$B11/L)) -> 0.4330127 | H11: =IF(COUNT($B11,H$6)<2,"",U0*SIN(PI()*H$6/L)*COS(PI()*$B11/L)) -> 0.53995801 | I11: =IF(COUNT($B11,I$6)<2,"",U0*SIN(PI()*I$6/L)*COS(PI()*$B11/L)) -> 0.63484154 | J11: =IF(COUNT($B11,J$6)<2,"",U0*SIN(PI()*J$6/L)*COS(PI()*$B11/L)) -> 0.71554377 | K11: =IF(COUNT($B11,K$6)<2,"",U0*SIN(PI()*K$6/L)*COS(PI()*$B11/L)) -> 0.78026193 | ... X11: =IF(COUNT($B11,X$6)<2,"",U0*SIN(PI()*X$6/L)*COS(PI()*$B11/L)) -> 0.064718159
A12: 5 | B12: =IF(5<=N,(5-0.5)*dx,"") -> 0.21428571 | D12: =IF(COUNT($B12,D$6)<2,"",U0*SIN(PI()*D$6/L)*COS(PI()*$B12/L)) -> 0.05842634 | E12: =IF(COUNT($B12,E$6)<2,"",U0*SIN(PI()*E$6/L)*COS(PI()*$B12/L)) -> 0.17397387 | F12: =IF(COUNT($B12,F$6)<2,"",U0*SIN(PI()*F$6/L)*COS(PI()*$B12/L)) -> 0.28563511 | G12: =IF(COUNT($B12,G$6)<2,"",U0*SIN(PI()*G$6/L)*COS(PI()*$B12/L)) -> 0.39091574 | H12: =IF(COUNT($B12,H$6)<2,"",U0*SIN(PI()*H$6/L)*COS(PI()*$B12/L)) -> 0.48746396 | I12: =IF(COUNT($B12,I$6)<2,"",U0*SIN(PI()*I$6/L)*COS(PI()*$B12/L)) -> 0.57312303 | J12: =IF(COUNT($B12,J$6)<2,"",U0*SIN(PI()*J$6/L)*COS(PI()*$B12/L)) -> 0.64597949 | K12: =IF(COUNT($B12,K$6)<2,"",U0*SIN(PI()*K$6/L)*COS(PI()*$B12/L)) -> 0.70440583 | ... X12: =IF(COUNT($B12,X$6)<2,"",U0*SIN(PI()*X$6/L)*COS(PI()*$B12/L)) -> 0.05842634
A13: 6 | B13: =IF(6<=N,(6-0.5)*dx,"") -> 0.26190476 | D13: =IF(COUNT($B13,D$6)<2,"",U0*SIN(PI()*D$6/L)*COS(PI()*$B13/L)) -> 0.050829372 | E13: =IF(COUNT($B13,E$6)<2,"",U0*SIN(PI()*E$6/L)*COS(PI()*$B13/L)) -> 0.15135267 | F13: =IF(COUNT($B13,F$6)<2,"",U0*SIN(PI()*F$6/L)*COS(PI()*$B13/L)) -> 0.248495 | G13: =IF(COUNT($B13,G$6)<2,"",U0*SIN(PI()*G$6/L)*COS(PI()*$B13/L)) -> 0.34008637 | H13: =IF(COUNT($B13,H$6)<2,"",U0*SIN(PI()*H$6/L)*COS(PI()*$B13/L)) -> 0.42408077 | I13: =IF(COUNT($B13,I$6)<2,"",U0*SIN(PI()*I$6/L)*COS(PI()*$B13/L)) -> 0.4986019 | J13: =IF(COUNT($B13,J$6)<2,"",U0*SIN(PI()*J$6/L)*COS(PI()*$B13/L)) -> 0.56198509 | K13: =IF(COUNT($B13,K$6)<2,"",U0*SIN(PI()*K$6/L)*COS(PI()*$B13/L)) -> 0.61281446 | ... X13: =IF(COUNT($B13,X$6)<2,"",U0*SIN(PI()*X$6/L)*COS(PI()*$B13/L)) -> 0.050829372
A14: 7 | B14: =IF(7<=N,(7-0.5)*dx,"") -> 0.30952381 | D14: =IF(COUNT($B14,D$6)<2,"",U0*SIN(PI()*D$6/L)*COS(PI()*$B14/L)) -> 0.042096961 | E14: =IF(COUNT($B14,E$6)<2,"",U0*SIN(PI()*E$6/L)*COS(PI()*$B14/L)) -> 0.12535051 | F14: =IF(COUNT($B14,F$6)<2,"",U0*SIN(PI()*F$6/L)*COS(PI()*$B14/L)) -> 0.20580393 | G14: =IF(COUNT($B14,G$6)<2,"",U0*SIN(PI()*G$6/L)*COS(PI()*$B14/L)) -> 0.28166003 | H14: =IF(COUNT($B14,H$6)<2,"",U0*SIN(PI()*H$6/L)*COS(PI()*$B14/L)) -> 0.35122431 | I14: =IF(COUNT($B14,I$6)<2,"",U0*SIN(PI()*I$6/L)*COS(PI()*$B14/L)) -> 0.41294282 | J14: =IF(COUNT($B14,J$6)<2,"",U0*SIN(PI()*J$6/L)*COS(PI()*$B14/L)) -> 0.46543687 | K14: =IF(COUNT($B14,K$6)<2,"",U0*SIN(PI()*K$6/L)*COS(PI()*$B14/L)) -> 0.50753383 | ... X14: =IF(COUNT($B14,X$6)<2,"",U0*SIN(PI()*X$6/L)*COS(PI()*$B14/L)) -> 0.042096961
A15: 8 | B15: =IF(8<=N,(8-0.5)*dx,"") -> 0.35714286 | D15: =IF(COUNT($B15,D$6)<2,"",U0*SIN(PI()*D$6/L)*COS(PI()*$B15/L)) -> 0.032424172 | E15: =IF(COUNT($B15,E$6)<2,"",U0*SIN(PI()*E$6/L)*COS(PI()*$B15/L)) -> 0.096548215 | F15: =IF(COUNT($B15,F$6)<2,"",U0*SIN(PI()*F$6/L)*COS(PI()*$B15/L)) -> 0.15851553 | G15: =IF(COUNT($B15,G$6)<2,"",U0*SIN(PI()*G$6/L)*COS(PI()*$B15/L)) -> 0.21694187 | H15: =IF(COUNT($B15,H$6)<2,"",U0*SIN(PI()*H$6/L)*COS(PI()*$B15/L)) -> 0.27052209 | I15: =IF(COUNT($B15,I$6)<2,"",U0*SIN(PI()*I$6/L)*COS(PI()*$B15/L)) -> 0.31805929 | J15: =IF(COUNT($B15,J$6)<2,"",U0*SIN(PI()*J$6/L)*COS(PI()*$B15/L)) -> 0.35849157 | K15: =IF(COUNT($B15,K$6)<2,"",U0*SIN(PI()*K$6/L)*COS(PI()*$B15/L)) -> 0.39091574 | ... X15: =IF(COUNT($B15,X$6)<2,"",U0*SIN(PI()*X$6/L)*COS(PI()*$B15/L)) -> 0.032424172
A16: 9 | B16: =IF(9<=N,(9-0.5)*dx,"") -> 0.4047619 | D16: =IF(COUNT($B16,D$6)<2,"",U0*SIN(PI()*D$6/L)*COS(PI()*$B16/L)) -> 0.022027082 | E16: =IF(COUNT($B16,E$6)<2,"",U0*SIN(PI()*E$6/L)*COS(PI()*$B16/L)) -> 0.065589197 | F16: =IF(COUNT($B16,F$6)<2,"",U0*SIN(PI()*F$6/L)*COS(PI()*$B16/L)) -> 0.10768616 | G16: =IF(COUNT($B16,G$6)<2,"",U0*SIN(PI()*G$6/L)*COS(PI()*$B16/L)) -> 0.14737759 | H16: =IF(COUNT($B16,H$6)<2,"",U0*SIN(PI()*H$6/L)*COS(PI()*$B16/L)) -> 0.18377685 | I16: =IF(COUNT($B16,I$6)<2,"",U0*SIN(PI()*I$6/L)*COS(PI()*$B16/L)) -> 0.21607083 | J16: =IF(COUNT($B16,J$6)<2,"",U0*SIN(PI()*J$6/L)*COS(PI()*$B16/L)) -> 0.24353815 | K16: =IF(COUNT($B16,K$6)<2,"",U0*SIN(PI()*K$6/L)*COS(PI()*$B16/L)) -> 0.26556524 | ... X16: =IF(COUNT($B16,X$6)<2,"",U0*SIN(PI()*X$6/L)*COS(PI()*$B16/L)) -> 0.022027082
A17: 10 | B17: =IF(10<=N,(10-0.5)*dx,"") -> 0.45238095 | D17: =IF(COUNT($B17,D$6)<2,"",U0*SIN(PI()*D$6/L)*COS(PI()*$B17/L)) -> 0.011137942 | E17: =IF(COUNT($B17,E$6)<2,"",U0*SIN(PI()*E$6/L)*COS(PI()*$B17/L)) -> 0.033165024 | F17: =IF(COUNT($B17,F$6)<2,"",U0*SIN(PI()*F$6/L)*COS(PI()*$B17/L)) -> 0.054451254 | G17: =IF(COUNT($B17,G$6)<2,"",U0*SIN(PI()*G$6/L)*COS(PI()*$B17/L)) -> 0.074521133 | H17: =IF(COUNT($B17,H$6)<2,"",U0*SIN(PI()*H$6/L)*COS(PI()*$B17/L)) -> 0.092926333 | I17: =IF(COUNT($B17,I$6)<2,"",U0*SIN(PI()*I$6/L)*COS(PI()*$B17/L)) -> 0.10925571 | J17: =IF(COUNT($B17,J$6)<2,"",U0*SIN(PI()*J$6/L)*COS(PI()*$B17/L)) -> 0.1231445 | K17: =IF(COUNT($B17,K$6)<2,"",U0*SIN(PI()*K$6/L)*COS(PI()*$B17/L)) -> 0.13428244 | ... X17: =IF(COUNT($B17,X$6)<2,"",U0*SIN(PI()*X$6/L)*COS(PI()*$B17/L)) -> 0.011137942
A18: 11 | B18: =IF(11<=N,(11-0.5)*dx,"") -> 0.5 | D18: =IF(COUNT($B18,D$6)<2,"",U0*SIN(PI()*D$6/L)*COS(PI()*$B18/L)) -> 4.5777729e-18 | E18: =IF(COUNT($B18,E$6)<2,"",U0*SIN(PI()*E$6/L)*COS(PI()*$B18/L)) -> 1.3631059e-17 | F18: =IF(COUNT($B18,F$6)<2,"",U0*SIN(PI()*F$6/L)*COS(PI()*$B18/L)) -> 2.237985e-17 | G18: =IF(COUNT($B18,G$6)<2,"",U0*SIN(PI()*G$6/L)*COS(PI()*$B18/L)) -> 3.0628711e-17 | H18: =IF(COUNT($B18,H$6)<2,"",U0*SIN(PI()*H$6/L)*COS(PI()*$B18/L)) -> 3.8193378e-17 | I18: =IF(COUNT($B18,I$6)<2,"",U0*SIN(PI()*I$6/L)*COS(PI()*$B18/L)) -> 4.4904868e-17 | J18: =IF(COUNT($B18,J$6)<2,"",U0*SIN(PI()*J$6/L)*COS(PI()*$B18/L)) -> 5.0613258e-17 | K18: =IF(COUNT($B18,K$6)<2,"",U0*SIN(PI()*K$6/L)*COS(PI()*$B18/L)) -> 5.5191031e-17 | ... X18: =IF(COUNT($B18,X$6)<2,"",U0*SIN(PI()*X$6/L)*COS(PI()*$B18/L)) -> 4.5777729e-18
A19: 12 | B19: =IF(12<=N,(12-0.5)*dx,"") -> 0.54761905 | D19: =IF(COUNT($B19,D$6)<2,"",U0*SIN(PI()*D$6/L)*COS(PI()*$B19/L)) -> -0.011137942 | E19: =IF(COUNT($B19,E$6)<2,"",U0*SIN(PI()*E$6/L)*COS(PI()*$B19/L)) -> -0.033165024 | F19: =IF(COUNT($B19,F$6)<2,"",U0*SIN(PI()*F$6/L)*COS(PI()*$B19/L)) -> -0.054451254 | G19: =IF(COUNT($B19,G$6)<2,"",U0*SIN(PI()*G$6/L)*COS(PI()*$B19/L)) -> -0.074521133 | H19: =IF(COUNT($B19,H$6)<2,"",U0*SIN(PI()*H$6/L)*COS(PI()*$B19/L)) -> -0.092926333 | I19: =IF(COUNT($B19,I$6)<2,"",U0*SIN(PI()*I$6/L)*COS(PI()*$B19/L)) -> -0.10925571 | J19: =IF(COUNT($B19,J$6)<2,"",U0*SIN(PI()*J$6/L)*COS(PI()*$B19/L)) -> -0.1231445 | K19: =IF(COUNT($B19,K$6)<2,"",U0*SIN(PI()*K$6/L)*COS(PI()*$B19/L)) -> -0.13428244 | ... X19: =IF(COUNT($B19,X$6)<2,"",U0*SIN(PI()*X$6/L)*COS(PI()*$B19/L)) -> -0.011137942
A20: 13 | B20: =IF(13<=N,(13-0.5)*dx,"") -> 0.5952381 | D20: =IF(COUNT($B20,D$6)<2,"",U0*SIN(PI()*D$6/L)*COS(PI()*$B20/L)) -> -0.022027082 | E20: =IF(COUNT($B20,E$6)<2,"",U0*SIN(PI()*E$6/L)*COS(PI()*$B20/L)) -> -0.065589197 | F20: =IF(COUNT($B20,F$6)<2,"",U0*SIN(PI()*F$6/L)*COS(PI()*$B20/L)) -> -0.10768616 | G20: =IF(COUNT($B20,G$6)<2,"",U0*SIN(PI()*G$6/L)*COS(PI()*$B20/L)) -> -0.14737759 | H20: =IF(COUNT($B20,H$6)<2,"",U0*SIN(PI()*H$6/L)*COS(PI()*$B20/L)) -> -0.18377685 | I20: =IF(COUNT($B20,I$6)<2,"",U0*SIN(PI()*I$6/L)*COS(PI()*$B20/L)) -> -0.21607083 | J20: =IF(COUNT($B20,J$6)<2,"",U0*SIN(PI()*J$6/L)*COS(PI()*$B20/L)) -> -0.24353815 | K20: =IF(COUNT($B20,K$6)<2,"",U0*SIN(PI()*K$6/L)*COS(PI()*$B20/L)) -> -0.26556524 | ... X20: =IF(COUNT($B20,X$6)<2,"",U0*SIN(PI()*X$6/L)*COS(PI()*$B20/L)) -> -0.022027082
A21: 14 | B21: =IF(14<=N,(14-0.5)*dx,"") -> 0.64285714 | D21: =IF(COUNT($B21,D$6)<2,"",U0*SIN(PI()*D$6/L)*COS(PI()*$B21/L)) -> -0.032424172 | E21: =IF(COUNT($B21,E$6)<2,"",U0*SIN(PI()*E$6/L)*COS(PI()*$B21/L)) -> -0.096548215 | F21: =IF(COUNT($B21,F$6)<2,"",U0*SIN(PI()*F$6/L)*COS(PI()*$B21/L)) -> -0.15851553 | G21: =IF(COUNT($B21,G$6)<2,"",U0*SIN(PI()*G$6/L)*COS(PI()*$B21/L)) -> -0.21694187 | H21: =IF(COUNT($B21,H$6)<2,"",U0*SIN(PI()*H$6/L)*COS(PI()*$B21/L)) -> -0.27052209 | I21: =IF(COUNT($B21,I$6)<2,"",U0*SIN(PI()*I$6/L)*COS(PI()*$B21/L)) -> -0.31805929 | J21: =IF(COUNT($B21,J$6)<2,"",U0*SIN(PI()*J$6/L)*COS(PI()*$B21/L)) -> -0.35849157 | K21: =IF(COUNT($B21,K$6)<2,"",U0*SIN(PI()*K$6/L)*COS(PI()*$B21/L)) -> -0.39091574 | ... X21: =IF(COUNT($B21,X$6)<2,"",U0*SIN(PI()*X$6/L)*COS(PI()*$B21/L)) -> -0.032424172
A22: 15 | B22: =IF(15<=N,(15-0.5)*dx,"") -> 0.69047619 | D22: =IF(COUNT($B22,D$6)<2,"",U0*SIN(PI()*D$6/L)*COS(PI()*$B22/L)) -> -0.042096961 | E22: =IF(COUNT($B22,E$6)<2,"",U0*SIN(PI()*E$6/L)*COS(PI()*$B22/L)) -> -0.12535051 | F22: =IF(COUNT($B22,F$6)<2,"",U0*SIN(PI()*F$6/L)*COS(PI()*$B22/L)) -> -0.20580393 | G22: =IF(COUNT($B22,G$6)<2,"",U0*SIN(PI()*G$6/L)*COS(PI()*$B22/L)) -> -0.28166003 | H22: =IF(COUNT($B22,H$6)<2,"",U0*SIN(PI()*H$6/L)*COS(PI()*$B22/L)) -> -0.35122431 | I22: =IF(COUNT($B22,I$6)<2,"",U0*SIN(PI()*I$6/L)*COS(PI()*$B22/L)) -> -0.41294282 | J22: =IF(COUNT($B22,J$6)<2,"",U0*SIN(PI()*J$6/L)*COS(PI()*$B22/L)) -> -0.46543687 | K22: =IF(COUNT($B22,K$6)<2,"",U0*SIN(PI()*K$6/L)*COS(PI()*$B22/L)) -> -0.50753383 | ... X22: =IF(COUNT($B22,X$6)<2,"",U0*SIN(PI()*X$6/L)*COS(PI()*$B22/L)) -> -0.042096961
A23: 16 | B23: =IF(16<=N,(16-0.5)*dx,"") -> 0.73809524 | D23: =IF(COUNT($B23,D$6)<2,"",U0*SIN(PI()*D$6/L)*COS(PI()*$B23/L)) -> -0.050829372 | E23: =IF(COUNT($B23,E$6)<2,"",U0*SIN(PI()*E$6/L)*COS(PI()*$B23/L)) -> -0.15135267 | F23: =IF(COUNT($B23,F$6)<2,"",U0*SIN(PI()*F$6/L)*COS(PI()*$B23/L)) -> -0.248495 | G23: =IF(COUNT($B23,G$6)<2,"",U0*SIN(PI()*G$6/L)*COS(PI()*$B23/L)) -> -0.34008637 | H23: =IF(COUNT($B23,H$6)<2,"",U0*SIN(PI()*H$6/L)*COS(PI()*$B23/L)) -> -0.42408077 | I23: =IF(COUNT($B23,I$6)<2,"",U0*SIN(PI()*I$6/L)*COS(PI()*$B23/L)) -> -0.4986019 | J23: =IF(COUNT($B23,J$6)<2,"",U0*SIN(PI()*J$6/L)*COS(PI()*$B23/L)) -> -0.56198509 | K23: =IF(COUNT($B23,K$6)<2,"",U0*SIN(PI()*K$6/L)*COS(PI()*$B23/L)) -> -0.61281446 | ... X23: =IF(COUNT($B23,X$6)<2,"",U0*SIN(PI()*X$6/L)*COS(PI()*$B23/L)) -> -0.050829372
A24: 17 | B24: =IF(17<=N,(17-0.5)*dx,"") -> 0.78571429 | D24: =IF(COUNT($B24,D$6)<2,"",U0*SIN(PI()*D$6/L)*COS(PI()*$B24/L)) -> -0.05842634 | E24: =IF(COUNT($B24,E$6)<2,"",U0*SIN(PI()*E$6/L)*COS(PI()*$B24/L)) -> -0.17397387 | F24: =IF(COUNT($B24,F$6)<2,"",U0*SIN(PI()*F$6/L)*COS(PI()*$B24/L)) -> -0.28563511 | G24: =IF(COUNT($B24,G$6)<2,"",U0*SIN(PI()*G$6/L)*COS(PI()*$B24/L)) -> -0.39091574 | H24: =IF(COUNT($B24,H$6)<2,"",U0*SIN(PI()*H$6/L)*COS(PI()*$B24/L)) -> -0.48746396 | I24: =IF(COUNT($B24,I$6)<2,"",U0*SIN(PI()*I$6/L)*COS(PI()*$B24/L)) -> -0.57312303 | J24: =IF(COUNT($B24,J$6)<2,"",U0*SIN(PI()*J$6/L)*COS(PI()*$B24/L)) -> -0.64597949 | K24: =IF(COUNT($B24,K$6)<2,"",U0*SIN(PI()*K$6/L)*COS(PI()*$B24/L)) -> -0.70440583 | ... X24: =IF(COUNT($B24,X$6)<2,"",U0*SIN(PI()*X$6/L)*COS(PI()*$B24/L)) -> -0.05842634
A25: 18 | B25: =IF(18<=N,(18-0.5)*dx,"") -> 0.83333333 | D25: =IF(COUNT($B25,D$6)<2,"",U0*SIN(PI()*D$6/L)*COS(PI()*$B25/L)) -> -0.064718159 | E25: =IF(COUNT($B25,E$6)<2,"",U0*SIN(PI()*E$6/L)*COS(PI()*$B25/L)) -> -0.19270878 | F25: =IF(COUNT($B25,F$6)<2,"",U0*SIN(PI()*F$6/L)*COS(PI()*$B25/L)) -> -0.31639461 | G25: =IF(COUNT($B25,G$6)<2,"",U0*SIN(PI()*G$6/L)*COS(PI()*$B25/L)) -> -0.4330127 | H25: =IF(COUNT($B25,H$6)<2,"",U0*SIN(PI()*H$6/L)*COS(PI()*$B25/L)) -> -0.53995801 | I25: =IF(COUNT($B25,I$6)<2,"",U0*SIN(PI()*I$6/L)*COS(PI()*$B25/L)) -> -0.63484154 | J25: =IF(COUNT($B25,J$6)<2,"",U0*SIN(PI()*J$6/L)*COS(PI()*$B25/L)) -> -0.71554377 | K25: =IF(COUNT($B25,K$6)<2,"",U0*SIN(PI()*K$6/L)*COS(PI()*$B25/L)) -> -0.78026193 | ... X25: =IF(COUNT($B25,X$6)<2,"",U0*SIN(PI()*X$6/L)*COS(PI()*$B25/L)) -> -0.064718159
A26: 19 | B26: =IF(19<=N,(19-0.5)*dx,"") -> 0.88095238 | D26: =IF(COUNT($B26,D$6)<2,"",U0*SIN(PI()*D$6/L)*COS(PI()*$B26/L)) -> -0.069564282 | E26: =IF(COUNT($B26,E$6)<2,"",U0*SIN(PI()*E$6/L)*COS(PI()*$B26/L)) -> -0.2071389 | F26: =IF(COUNT($B26,F$6)<2,"",U0*SIN(PI()*F$6/L)*COS(PI()*$B26/L)) -> -0.34008637 | G26: =IF(COUNT($B26,G$6)<2,"",U0*SIN(PI()*G$6/L)*COS(PI()*$B26/L)) -> -0.46543687 | H26: =IF(COUNT($B26,H$6)<2,"",U0*SIN(PI()*H$6/L)*COS(PI()*$B26/L)) -> -0.58039029 | I26: =IF(COUNT($B26,I$6)<2,"",U0*SIN(PI()*I$6/L)*COS(PI()*$B26/L)) -> -0.68237874 | J26: =IF(COUNT($B26,J$6)<2,"",U0*SIN(PI()*J$6/L)*COS(PI()*$B26/L)) -> -0.76912399 | K26: =IF(COUNT($B26,K$6)<2,"",U0*SIN(PI()*K$6/L)*COS(PI()*$B26/L)) -> -0.83868827 | ... X26: =IF(COUNT($B26,X$6)<2,"",U0*SIN(PI()*X$6/L)*COS(PI()*$B26/L)) -> -0.069564282
A27: 20 | B27: =IF(20<=N,(20-0.5)*dx,"") -> 0.92857143 | D27: =IF(COUNT($B27,D$6)<2,"",U0*SIN(PI()*D$6/L)*COS(PI()*$B27/L)) -> -0.072856454 | E27: =IF(COUNT($B27,E$6)<2,"",U0*SIN(PI()*E$6/L)*COS(PI()*$B27/L)) -> -0.21694187 | F27: =IF(COUNT($B27,F$6)<2,"",U0*SIN(PI()*F$6/L)*COS(PI()*$B27/L)) -> -0.35618116 | G27: =IF(COUNT($B27,G$6)<2,"",U0*SIN(PI()*G$6/L)*COS(PI()*$B27/L)) -> -0.48746396 | H27: =IF(COUNT($B27,H$6)<2,"",U0*SIN(PI()*H$6/L)*COS(PI()*$B27/L)) -> -0.60785761 | I27: =IF(COUNT($B27,I$6)<2,"",U0*SIN(PI()*I$6/L)*COS(PI()*$B27/L)) -> -0.71467273 | J27: =IF(COUNT($B27,J$6)<2,"",U0*SIN(PI()*J$6/L)*COS(PI()*$B27/L)) -> -0.80552324 | K27: =IF(COUNT($B27,K$6)<2,"",U0*SIN(PI()*K$6/L)*COS(PI()*$B27/L)) -> -0.8783797 | ... X27: =IF(COUNT($B27,X$6)<2,"",U0*SIN(PI()*X$6/L)*COS(PI()*$B27/L)) -> -0.072856454
A28: 21 | B28: =IF(21<=N,(21-0.5)*dx,"") -> 0.97619048 | D28: =IF(COUNT($B28,D$6)<2,"",U0*SIN(PI()*D$6/L)*COS(PI()*$B28/L)) -> -0.074521133 | E28: =IF(COUNT($B28,E$6)<2,"",U0*SIN(PI()*E$6/L)*COS(PI()*$B28/L)) -> -0.22189872 | F28: =IF(COUNT($B28,F$6)<2,"",U0*SIN(PI()*F$6/L)*COS(PI()*$B28/L)) -> -0.36431946 | G28: =IF(COUNT($B28,G$6)<2,"",U0*SIN(PI()*G$6/L)*COS(PI()*$B28/L)) -> -0.4986019 | H28: =IF(COUNT($B28,H$6)<2,"",U0*SIN(PI()*H$6/L)*COS(PI()*$B28/L)) -> -0.6217464 | I28: =IF(COUNT($B28,I$6)<2,"",U0*SIN(PI()*I$6/L)*COS(PI()*$B28/L)) -> -0.73100211 | J28: =IF(COUNT($B28,J$6)<2,"",U0*SIN(PI()*J$6/L)*COS(PI()*$B28/L)) -> -0.82392844 | K28: =IF(COUNT($B28,K$6)<2,"",U0*SIN(PI()*K$6/L)*COS(PI()*$B28/L)) -> -0.89844958 | ... X28: =IF(COUNT($B28,X$6)<2,"",U0*SIN(PI()*X$6/L)*COS(PI()*$B28/L)) -> -0.074521133
A32: v of field A [m/s]
A33: i | D33: 1 | E33: 2 | F33: 3 | G33: 4 | H33: 5 | I33: 6 | J33: 7 | K33: 8 | L33: 9 | M33: 10 | N33: 11 | O33: 12 | P33: 13 | Q33: 14 | R33: 15 | S33: 16 | T33: 17 | U33: 18 | V33: 19 | W33: 20 | X33: 21
A34: x [m] | D34: =IF(1<=N,(1-0.5)*dx,"") -> 0.023809524 | E34: =IF(2<=N,(2-0.5)*dx,"") -> 0.071428571 | F34: =IF(3<=N,(3-0.5)*dx,"") -> 0.11904762 | G34: =IF(4<=N,(4-0.5)*dx,"") -> 0.16666667 | H34: =IF(5<=N,(5-0.5)*dx,"") -> 0.21428571 | I34: =IF(6<=N,(6-0.5)*dx,"") -> 0.26190476 | J34: =IF(7<=N,(7-0.5)*dx,"") -> 0.30952381 | K34: =IF(8<=N,(8-0.5)*dx,"") -> 0.35714286 | L34: =IF(9<=N,(9-0.5)*dx,"") -> 0.4047619 | M34: =IF(10<=N,(10-0.5)*dx,"") -> 0.45238095 | N34: =IF(11<=N,(11-0.5)*dx,"") -> 0.5 | O34: =IF(12<=N,(12-0.5)*dx,"") -> 0.54761905 | P34: =IF(13<=N,(13-0.5)*dx,"") -> 0.5952381 | Q34: =IF(14<=N,(14-0.5)*dx,"") -> 0.64285714 | R34: =IF(15<=N,(15-0.5)*dx,"") -> 0.69047619 | S34: =IF(16<=N,(16-0.5)*dx,"") -> 0.73809524 | T34: =IF(17<=N,(17-0.5)*dx,"") -> 0.78571429 | U34: =IF(18<=N,(18-0.5)*dx,"") -> 0.83333333 | V34: =IF(19<=N,(19-0.5)*dx,"") -> 0.88095238 | W34: =IF(20<=N,(20-0.5)*dx,"") -> 0.92857143 | X34: =IF(21<=N,(21-0.5)*dx,"") -> 0.97619048
A35: j | B35: y [m]
A36: 1 | B36: =IF(1<=N,(1-0.5)*dx,"") -> 0.023809524 | D36: =IF(COUNT($B36,D$34)<2,"",-U0*COS(PI()*D$34/L)*SIN(PI()*$B36/L)) -> -0.074521133 | E36: =IF(COUNT($B36,E$34)<2,"",-U0*COS(PI()*E$34/L)*SIN(PI()*$B36/L)) -> -0.072856454 | F36: =IF(COUNT($B36,F$34)<2,"",-U0*COS(PI()*F$34/L)*SIN(PI()*$B36/L)) -> -0.069564282 | G36: =IF(COUNT($B36,G$34)<2,"",-U0*COS(PI()*G$34/L)*SIN(PI()*$B36/L)) -> -0.064718159 | H36: =IF(COUNT($B36,H$34)<2,"",-U0*COS(PI()*H$34/L)*SIN(PI()*$B36/L)) -> -0.05842634 | I36: =IF(COUNT($B36,I$34)<2,"",-U0*COS(PI()*I$34/L)*SIN(PI()*$B36/L)) -> -0.050829372 | J36: =IF(COUNT($B36,J$34)<2,"",-U0*COS(PI()*J$34/L)*SIN(PI()*$B36/L)) -> -0.042096961 | K36: =IF(COUNT($B36,K$34)<2,"",-U0*COS(PI()*K$34/L)*SIN(PI()*$B36/L)) -> -0.032424172 | ... X36: =IF(COUNT($B36,X$34)<2,"",-U0*COS(PI()*X$34/L)*SIN(PI()*$B36/L)) -> 0.074521133
A37: 2 | B37: =IF(2<=N,(2-0.5)*dx,"") -> 0.071428571 | D37: =IF(COUNT($B37,D$34)<2,"",-U0*COS(PI()*D$34/L)*SIN(PI()*$B37/L)) -> -0.22189872 | E37: =IF(COUNT($B37,E$34)<2,"",-U0*COS(PI()*E$34/L)*SIN(PI()*$B37/L)) -> -0.21694187 | F37: =IF(COUNT($B37,F$34)<2,"",-U0*COS(PI()*F$34/L)*SIN(PI()*$B37/L)) -> -0.2071389 | G37: =IF(COUNT($B37,G$34)<2,"",-U0*COS(PI()*G$34/L)*SIN(PI()*$B37/L)) -> -0.19270878 | H37: =IF(COUNT($B37,H$34)<2,"",-U0*COS(PI()*H$34/L)*SIN(PI()*$B37/L)) -> -0.17397387 | I37: =IF(COUNT($B37,I$34)<2,"",-U0*COS(PI()*I$34/L)*SIN(PI()*$B37/L)) -> -0.15135267 | J37: =IF(COUNT($B37,J$34)<2,"",-U0*COS(PI()*J$34/L)*SIN(PI()*$B37/L)) -> -0.12535051 | K37: =IF(COUNT($B37,K$34)<2,"",-U0*COS(PI()*K$34/L)*SIN(PI()*$B37/L)) -> -0.096548215 | ... X37: =IF(COUNT($B37,X$34)<2,"",-U0*COS(PI()*X$34/L)*SIN(PI()*$B37/L)) -> 0.22189872
A38: 3 | B38: =IF(3<=N,(3-0.5)*dx,"") -> 0.11904762 | D38: =IF(COUNT($B38,D$34)<2,"",-U0*COS(PI()*D$34/L)*SIN(PI()*$B38/L)) -> -0.36431946 | E38: =IF(COUNT($B38,E$34)<2,"",-U0*COS(PI()*E$34/L)*SIN(PI()*$B38/L)) -> -0.35618116 | F38: =IF(COUNT($B38,F$34)<2,"",-U0*COS(PI()*F$34/L)*SIN(PI()*$B38/L)) -> -0.34008637 | G38: =IF(COUNT($B38,G$34)<2,"",-U0*COS(PI()*G$34/L)*SIN(PI()*$B38/L)) -> -0.31639461 | H38: =IF(COUNT($B38,H$34)<2,"",-U0*COS(PI()*H$34/L)*SIN(PI()*$B38/L)) -> -0.28563511 | I38: =IF(COUNT($B38,I$34)<2,"",-U0*COS(PI()*I$34/L)*SIN(PI()*$B38/L)) -> -0.248495 | J38: =IF(COUNT($B38,J$34)<2,"",-U0*COS(PI()*J$34/L)*SIN(PI()*$B38/L)) -> -0.20580393 | K38: =IF(COUNT($B38,K$34)<2,"",-U0*COS(PI()*K$34/L)*SIN(PI()*$B38/L)) -> -0.15851553 | ... X38: =IF(COUNT($B38,X$34)<2,"",-U0*COS(PI()*X$34/L)*SIN(PI()*$B38/L)) -> 0.36431946
A39: 4 | B39: =IF(4<=N,(4-0.5)*dx,"") -> 0.16666667 | D39: =IF(COUNT($B39,D$34)<2,"",-U0*COS(PI()*D$34/L)*SIN(PI()*$B39/L)) -> -0.4986019 | E39: =IF(COUNT($B39,E$34)<2,"",-U0*COS(PI()*E$34/L)*SIN(PI()*$B39/L)) -> -0.48746396 | F39: =IF(COUNT($B39,F$34)<2,"",-U0*COS(PI()*F$34/L)*SIN(PI()*$B39/L)) -> -0.46543687 | G39: =IF(COUNT($B39,G$34)<2,"",-U0*COS(PI()*G$34/L)*SIN(PI()*$B39/L)) -> -0.4330127 | H39: =IF(COUNT($B39,H$34)<2,"",-U0*COS(PI()*H$34/L)*SIN(PI()*$B39/L)) -> -0.39091574 | I39: =IF(COUNT($B39,I$34)<2,"",-U0*COS(PI()*I$34/L)*SIN(PI()*$B39/L)) -> -0.34008637 | J39: =IF(COUNT($B39,J$34)<2,"",-U0*COS(PI()*J$34/L)*SIN(PI()*$B39/L)) -> -0.28166003 | K39: =IF(COUNT($B39,K$34)<2,"",-U0*COS(PI()*K$34/L)*SIN(PI()*$B39/L)) -> -0.21694187 | ... X39: =IF(COUNT($B39,X$34)<2,"",-U0*COS(PI()*X$34/L)*SIN(PI()*$B39/L)) -> 0.4986019
A40: 5 | B40: =IF(5<=N,(5-0.5)*dx,"") -> 0.21428571 | D40: =IF(COUNT($B40,D$34)<2,"",-U0*COS(PI()*D$34/L)*SIN(PI()*$B40/L)) -> -0.6217464 | E40: =IF(COUNT($B40,E$34)<2,"",-U0*COS(PI()*E$34/L)*SIN(PI()*$B40/L)) -> -0.60785761 | F40: =IF(COUNT($B40,F$34)<2,"",-U0*COS(PI()*F$34/L)*SIN(PI()*$B40/L)) -> -0.58039029 | G40: =IF(COUNT($B40,G$34)<2,"",-U0*COS(PI()*G$34/L)*SIN(PI()*$B40/L)) -> -0.53995801 | H40: =IF(COUNT($B40,H$34)<2,"",-U0*COS(PI()*H$34/L)*SIN(PI()*$B40/L)) -> -0.48746396 | I40: =IF(COUNT($B40,I$34)<2,"",-U0*COS(PI()*I$34/L)*SIN(PI()*$B40/L)) -> -0.42408077 | J40: =IF(COUNT($B40,J$34)<2,"",-U0*COS(PI()*J$34/L)*SIN(PI()*$B40/L)) -> -0.35122431 | K40: =IF(COUNT($B40,K$34)<2,"",-U0*COS(PI()*K$34/L)*SIN(PI()*$B40/L)) -> -0.27052209 | ... X40: =IF(COUNT($B40,X$34)<2,"",-U0*COS(PI()*X$34/L)*SIN(PI()*$B40/L)) -> 0.6217464
A41: 6 | B41: =IF(6<=N,(6-0.5)*dx,"") -> 0.26190476 | D41: =IF(COUNT($B41,D$34)<2,"",-U0*COS(PI()*D$34/L)*SIN(PI()*$B41/L)) -> -0.73100211 | E41: =IF(COUNT($B41,E$34)<2,"",-U0*COS(PI()*E$34/L)*SIN(PI()*$B41/L)) -> -0.71467273 | F41: =IF(COUNT($B41,F$34)<2,"",-U0*COS(PI()*F$34/L)*SIN(PI()*$B41/L)) -> -0.68237874 | G41: =IF(COUNT($B41,G$34)<2,"",-U0*COS(PI()*G$34/L)*SIN(PI()*$B41/L)) -> -0.63484154 | H41: =IF(COUNT($B41,H$34)<2,"",-U0*COS(PI()*H$34/L)*SIN(PI()*$B41/L)) -> -0.57312303 | I41: =IF(COUNT($B41,I$34)<2,"",-U0*COS(PI()*I$34/L)*SIN(PI()*$B41/L)) -> -0.4986019 | J41: =IF(COUNT($B41,J$34)<2,"",-U0*COS(PI()*J$34/L)*SIN(PI()*$B41/L)) -> -0.41294282 | K41: =IF(COUNT($B41,K$34)<2,"",-U0*COS(PI()*K$34/L)*SIN(PI()*$B41/L)) -> -0.31805929 | ... X41: =IF(COUNT($B41,X$34)<2,"",-U0*COS(PI()*X$34/L)*SIN(PI()*$B41/L)) -> 0.73100211
A42: 7 | B42: =IF(7<=N,(7-0.5)*dx,"") -> 0.30952381 | D42: =IF(COUNT($B42,D$34)<2,"",-U0*COS(PI()*D$34/L)*SIN(PI()*$B42/L)) -> -0.82392844 | E42: =IF(COUNT($B42,E$34)<2,"",-U0*COS(PI()*E$34/L)*SIN(PI()*$B42/L)) -> -0.80552324 | F42: =IF(COUNT($B42,F$34)<2,"",-U0*COS(PI()*F$34/L)*SIN(PI()*$B42/L)) -> -0.76912399 | G42: =IF(COUNT($B42,G$34)<2,"",-U0*COS(PI()*G$34/L)*SIN(PI()*$B42/L)) -> -0.71554377 | H42: =IF(COUNT($B42,H$34)<2,"",-U0*COS(PI()*H$34/L)*SIN(PI()*$B42/L)) -> -0.64597949 | I42: =IF(COUNT($B42,I$34)<2,"",-U0*COS(PI()*I$34/L)*SIN(PI()*$B42/L)) -> -0.56198509 | J42: =IF(COUNT($B42,J$34)<2,"",-U0*COS(PI()*J$34/L)*SIN(PI()*$B42/L)) -> -0.46543687 | K42: =IF(COUNT($B42,K$34)<2,"",-U0*COS(PI()*K$34/L)*SIN(PI()*$B42/L)) -> -0.35849157 | ... X42: =IF(COUNT($B42,X$34)<2,"",-U0*COS(PI()*X$34/L)*SIN(PI()*$B42/L)) -> 0.82392844
A43: 8 | B43: =IF(8<=N,(8-0.5)*dx,"") -> 0.35714286 | D43: =IF(COUNT($B43,D$34)<2,"",-U0*COS(PI()*D$34/L)*SIN(PI()*$B43/L)) -> -0.89844958 | E43: =IF(COUNT($B43,E$34)<2,"",-U0*COS(PI()*E$34/L)*SIN(PI()*$B43/L)) -> -0.8783797 | F43: =IF(COUNT($B43,F$34)<2,"",-U0*COS(PI()*F$34/L)*SIN(PI()*$B43/L)) -> -0.83868827 | G43: =IF(COUNT($B43,G$34)<2,"",-U0*COS(PI()*G$34/L)*SIN(PI()*$B43/L)) -> -0.78026193 | H43: =IF(COUNT($B43,H$34)<2,"",-U0*COS(PI()*H$34/L)*SIN(PI()*$B43/L)) -> -0.70440583 | I43: =IF(COUNT($B43,I$34)<2,"",-U0*COS(PI()*I$34/L)*SIN(PI()*$B43/L)) -> -0.61281446 | J43: =IF(COUNT($B43,J$34)<2,"",-U0*COS(PI()*J$34/L)*SIN(PI()*$B43/L)) -> -0.50753383 | K43: =IF(COUNT($B43,K$34)<2,"",-U0*COS(PI()*K$34/L)*SIN(PI()*$B43/L)) -> -0.39091574 | ... X43: =IF(COUNT($B43,X$34)<2,"",-U0*COS(PI()*X$34/L)*SIN(PI()*$B43/L)) -> 0.89844958
A44: 9 | B44: =IF(9<=N,(9-0.5)*dx,"") -> 0.4047619 | D44: =IF(COUNT($B44,D$34)<2,"",-U0*COS(PI()*D$34/L)*SIN(PI()*$B44/L)) -> -0.95290083 | E44: =IF(COUNT($B44,E$34)<2,"",-U0*COS(PI()*E$34/L)*SIN(PI()*$B44/L)) -> -0.9316146 | F44: =IF(COUNT($B44,F$34)<2,"",-U0*COS(PI()*F$34/L)*SIN(PI()*$B44/L)) -> -0.88951764 | G44: =IF(COUNT($B44,G$34)<2,"",-U0*COS(PI()*G$34/L)*SIN(PI()*$B44/L)) -> -0.82755032 | H44: =IF(COUNT($B44,H$34)<2,"",-U0*COS(PI()*H$34/L)*SIN(PI()*$B44/L)) -> -0.7470969 | I44: =IF(COUNT($B44,I$34)<2,"",-U0*COS(PI()*I$34/L)*SIN(PI()*$B44/L)) -> -0.64995457 | J44: =IF(COUNT($B44,J$34)<2,"",-U0*COS(PI()*J$34/L)*SIN(PI()*$B44/L)) -> -0.53829333 | K44: =IF(COUNT($B44,K$34)<2,"",-U0*COS(PI()*K$34/L)*SIN(PI()*$B44/L)) -> -0.4146075 | ... X44: =IF(COUNT($B44,X$34)<2,"",-U0*COS(PI()*X$34/L)*SIN(PI()*$B44/L)) -> 0.95290083
A45: 10 | B45: =IF(10<=N,(10-0.5)*dx,"") -> 0.45238095 | D45: =IF(COUNT($B45,D$34)<2,"",-U0*COS(PI()*D$34/L)*SIN(PI()*$B45/L)) -> -0.98606585 | E45: =IF(COUNT($B45,E$34)<2,"",-U0*COS(PI()*E$34/L)*SIN(PI()*$B45/L)) -> -0.96403877 | F45: =IF(COUNT($B45,F$34)<2,"",-U0*COS(PI()*F$34/L)*SIN(PI()*$B45/L)) -> -0.92047666 | G45: =IF(COUNT($B45,G$34)<2,"",-U0*COS(PI()*G$34/L)*SIN(PI()*$B45/L)) -> -0.85635262 | H45: =IF(COUNT($B45,H$34)<2,"",-U0*COS(PI()*H$34/L)*SIN(PI()*$B45/L)) -> -0.77309907 | I45: =IF(COUNT($B45,I$34)<2,"",-U0*COS(PI()*I$34/L)*SIN(PI()*$B45/L)) -> -0.67257577 | J45: =IF(COUNT($B45,J$34)<2,"",-U0*COS(PI()*J$34/L)*SIN(PI()*$B45/L)) -> -0.55702824 | K45: =IF(COUNT($B45,K$34)<2,"",-U0*COS(PI()*K$34/L)*SIN(PI()*$B45/L)) -> -0.42903762 | ... X45: =IF(COUNT($B45,X$34)<2,"",-U0*COS(PI()*X$34/L)*SIN(PI()*$B45/L)) -> 0.98606585
A46: 11 | B46: =IF(11<=N,(11-0.5)*dx,"") -> 0.5 | D46: =IF(COUNT($B46,D$34)<2,"",-U0*COS(PI()*D$34/L)*SIN(PI()*$B46/L)) -> -0.9972038 | E46: =IF(COUNT($B46,E$34)<2,"",-U0*COS(PI()*E$34/L)*SIN(PI()*$B46/L)) -> -0.97492791 | F46: =IF(COUNT($B46,F$34)<2,"",-U0*COS(PI()*F$34/L)*SIN(PI()*$B46/L)) -> -0.93087375 | G46: =IF(COUNT($B46,G$34)<2,"",-U0*COS(PI()*G$34/L)*SIN(PI()*$B46/L)) -> -0.8660254 | H46: =IF(COUNT($B46,H$34)<2,"",-U0*COS(PI()*H$34/L)*SIN(PI()*$B46/L)) -> -0.78183148 | I46: =IF(COUNT($B46,I$34)<2,"",-U0*COS(PI()*I$34/L)*SIN(PI()*$B46/L)) -> -0.68017274 | J46: =IF(COUNT($B46,J$34)<2,"",-U0*COS(PI()*J$34/L)*SIN(PI()*$B46/L)) -> -0.56332006 | K46: =IF(COUNT($B46,K$34)<2,"",-U0*COS(PI()*K$34/L)*SIN(PI()*$B46/L)) -> -0.43388374 | ... X46: =IF(COUNT($B46,X$34)<2,"",-U0*COS(PI()*X$34/L)*SIN(PI()*$B46/L)) -> 0.9972038
A47: 12 | B47: =IF(12<=N,(12-0.5)*dx,"") -> 0.54761905 | D47: =IF(COUNT($B47,D$34)<2,"",-U0*COS(PI()*D$34/L)*SIN(PI()*$B47/L)) -> -0.98606585 | E47: =IF(COUNT($B47,E$34)<2,"",-U0*COS(PI()*E$34/L)*SIN(PI()*$B47/L)) -> -0.96403877 | F47: =IF(COUNT($B47,F$34)<2,"",-U0*COS(PI()*F$34/L)*SIN(PI()*$B47/L)) -> -0.92047666 | G47: =IF(COUNT($B47,G$34)<2,"",-U0*COS(PI()*G$34/L)*SIN(PI()*$B47/L)) -> -0.85635262 | H47: =IF(COUNT($B47,H$34)<2,"",-U0*COS(PI()*H$34/L)*SIN(PI()*$B47/L)) -> -0.77309907 | I47: =IF(COUNT($B47,I$34)<2,"",-U0*COS(PI()*I$34/L)*SIN(PI()*$B47/L)) -> -0.67257577 | J47: =IF(COUNT($B47,J$34)<2,"",-U0*COS(PI()*J$34/L)*SIN(PI()*$B47/L)) -> -0.55702824 | K47: =IF(COUNT($B47,K$34)<2,"",-U0*COS(PI()*K$34/L)*SIN(PI()*$B47/L)) -> -0.42903762 | ... X47: =IF(COUNT($B47,X$34)<2,"",-U0*COS(PI()*X$34/L)*SIN(PI()*$B47/L)) -> 0.98606585
A48: 13 | B48: =IF(13<=N,(13-0.5)*dx,"") -> 0.5952381 | D48: =IF(COUNT($B48,D$34)<2,"",-U0*COS(PI()*D$34/L)*SIN(PI()*$B48/L)) -> -0.95290083 | E48: =IF(COUNT($B48,E$34)<2,"",-U0*COS(PI()*E$34/L)*SIN(PI()*$B48/L)) -> -0.9316146 | F48: =IF(COUNT($B48,F$34)<2,"",-U0*COS(PI()*F$34/L)*SIN(PI()*$B48/L)) -> -0.88951764 | G48: =IF(COUNT($B48,G$34)<2,"",-U0*COS(PI()*G$34/L)*SIN(PI()*$B48/L)) -> -0.82755032 | H48: =IF(COUNT($B48,H$34)<2,"",-U0*COS(PI()*H$34/L)*SIN(PI()*$B48/L)) -> -0.7470969 | I48: =IF(COUNT($B48,I$34)<2,"",-U0*COS(PI()*I$34/L)*SIN(PI()*$B48/L)) -> -0.64995457 | J48: =IF(COUNT($B48,J$34)<2,"",-U0*COS(PI()*J$34/L)*SIN(PI()*$B48/L)) -> -0.53829333 | K48: =IF(COUNT($B48,K$34)<2,"",-U0*COS(PI()*K$34/L)*SIN(PI()*$B48/L)) -> -0.4146075 | ... X48: =IF(COUNT($B48,X$34)<2,"",-U0*COS(PI()*X$34/L)*SIN(PI()*$B48/L)) -> 0.95290083
A49: 14 | B49: =IF(14<=N,(14-0.5)*dx,"") -> 0.64285714 | D49: =IF(COUNT($B49,D$34)<2,"",-U0*COS(PI()*D$34/L)*SIN(PI()*$B49/L)) -> -0.89844958 | E49: =IF(COUNT($B49,E$34)<2,"",-U0*COS(PI()*E$34/L)*SIN(PI()*$B49/L)) -> -0.8783797 | F49: =IF(COUNT($B49,F$34)<2,"",-U0*COS(PI()*F$34/L)*SIN(PI()*$B49/L)) -> -0.83868827 | G49: =IF(COUNT($B49,G$34)<2,"",-U0*COS(PI()*G$34/L)*SIN(PI()*$B49/L)) -> -0.78026193 | H49: =IF(COUNT($B49,H$34)<2,"",-U0*COS(PI()*H$34/L)*SIN(PI()*$B49/L)) -> -0.70440583 | I49: =IF(COUNT($B49,I$34)<2,"",-U0*COS(PI()*I$34/L)*SIN(PI()*$B49/L)) -> -0.61281446 | J49: =IF(COUNT($B49,J$34)<2,"",-U0*COS(PI()*J$34/L)*SIN(PI()*$B49/L)) -> -0.50753383 | K49: =IF(COUNT($B49,K$34)<2,"",-U0*COS(PI()*K$34/L)*SIN(PI()*$B49/L)) -> -0.39091574 | ... X49: =IF(COUNT($B49,X$34)<2,"",-U0*COS(PI()*X$34/L)*SIN(PI()*$B49/L)) -> 0.89844958
A50: 15 | B50: =IF(15<=N,(15-0.5)*dx,"") -> 0.69047619 | D50: =IF(COUNT($B50,D$34)<2,"",-U0*COS(PI()*D$34/L)*SIN(PI()*$B50/L)) -> -0.82392844 | E50: =IF(COUNT($B50,E$34)<2,"",-U0*COS(PI()*E$34/L)*SIN(PI()*$B50/L)) -> -0.80552324 | F50: =IF(COUNT($B50,F$34)<2,"",-U0*COS(PI()*F$34/L)*SIN(PI()*$B50/L)) -> -0.76912399 | G50: =IF(COUNT($B50,G$34)<2,"",-U0*COS(PI()*G$34/L)*SIN(PI()*$B50/L)) -> -0.71554377 | H50: =IF(COUNT($B50,H$34)<2,"",-U0*COS(PI()*H$34/L)*SIN(PI()*$B50/L)) -> -0.64597949 | I50: =IF(COUNT($B50,I$34)<2,"",-U0*COS(PI()*I$34/L)*SIN(PI()*$B50/L)) -> -0.56198509 | J50: =IF(COUNT($B50,J$34)<2,"",-U0*COS(PI()*J$34/L)*SIN(PI()*$B50/L)) -> -0.46543687 | K50: =IF(COUNT($B50,K$34)<2,"",-U0*COS(PI()*K$34/L)*SIN(PI()*$B50/L)) -> -0.35849157 | ... X50: =IF(COUNT($B50,X$34)<2,"",-U0*COS(PI()*X$34/L)*SIN(PI()*$B50/L)) -> 0.82392844
A51: 16 | B51: =IF(16<=N,(16-0.5)*dx,"") -> 0.73809524 | D51: =IF(COUNT($B51,D$34)<2,"",-U0*COS(PI()*D$34/L)*SIN(PI()*$B51/L)) -> -0.73100211 | E51: =IF(COUNT($B51,E$34)<2,"",-U0*COS(PI()*E$34/L)*SIN(PI()*$B51/L)) -> -0.71467273 | F51: =IF(COUNT($B51,F$34)<2,"",-U0*COS(PI()*F$34/L)*SIN(PI()*$B51/L)) -> -0.68237874 | G51: =IF(COUNT($B51,G$34)<2,"",-U0*COS(PI()*G$34/L)*SIN(PI()*$B51/L)) -> -0.63484154 | H51: =IF(COUNT($B51,H$34)<2,"",-U0*COS(PI()*H$34/L)*SIN(PI()*$B51/L)) -> -0.57312303 | I51: =IF(COUNT($B51,I$34)<2,"",-U0*COS(PI()*I$34/L)*SIN(PI()*$B51/L)) -> -0.4986019 | J51: =IF(COUNT($B51,J$34)<2,"",-U0*COS(PI()*J$34/L)*SIN(PI()*$B51/L)) -> -0.41294282 | K51: =IF(COUNT($B51,K$34)<2,"",-U0*COS(PI()*K$34/L)*SIN(PI()*$B51/L)) -> -0.31805929 | ... X51: =IF(COUNT($B51,X$34)<2,"",-U0*COS(PI()*X$34/L)*SIN(PI()*$B51/L)) -> 0.73100211
A52: 17 | B52: =IF(17<=N,(17-0.5)*dx,"") -> 0.78571429 | D52: =IF(COUNT($B52,D$34)<2,"",-U0*COS(PI()*D$34/L)*SIN(PI()*$B52/L)) -> -0.6217464 | E52: =IF(COUNT($B52,E$34)<2,"",-U0*COS(PI()*E$34/L)*SIN(PI()*$B52/L)) -> -0.60785761 | F52: =IF(COUNT($B52,F$34)<2,"",-U0*COS(PI()*F$34/L)*SIN(PI()*$B52/L)) -> -0.58039029 | G52: =IF(COUNT($B52,G$34)<2,"",-U0*COS(PI()*G$34/L)*SIN(PI()*$B52/L)) -> -0.53995801 | H52: =IF(COUNT($B52,H$34)<2,"",-U0*COS(PI()*H$34/L)*SIN(PI()*$B52/L)) -> -0.48746396 | I52: =IF(COUNT($B52,I$34)<2,"",-U0*COS(PI()*I$34/L)*SIN(PI()*$B52/L)) -> -0.42408077 | J52: =IF(COUNT($B52,J$34)<2,"",-U0*COS(PI()*J$34/L)*SIN(PI()*$B52/L)) -> -0.35122431 | K52: =IF(COUNT($B52,K$34)<2,"",-U0*COS(PI()*K$34/L)*SIN(PI()*$B52/L)) -> -0.27052209 | ... X52: =IF(COUNT($B52,X$34)<2,"",-U0*COS(PI()*X$34/L)*SIN(PI()*$B52/L)) -> 0.6217464
A53: 18 | B53: =IF(18<=N,(18-0.5)*dx,"") -> 0.83333333 | D53: =IF(COUNT($B53,D$34)<2,"",-U0*COS(PI()*D$34/L)*SIN(PI()*$B53/L)) -> -0.4986019 | E53: =IF(COUNT($B53,E$34)<2,"",-U0*COS(PI()*E$34/L)*SIN(PI()*$B53/L)) -> -0.48746396 | F53: =IF(COUNT($B53,F$34)<2,"",-U0*COS(PI()*F$34/L)*SIN(PI()*$B53/L)) -> -0.46543687 | G53: =IF(COUNT($B53,G$34)<2,"",-U0*COS(PI()*G$34/L)*SIN(PI()*$B53/L)) -> -0.4330127 | H53: =IF(COUNT($B53,H$34)<2,"",-U0*COS(PI()*H$34/L)*SIN(PI()*$B53/L)) -> -0.39091574 | I53: =IF(COUNT($B53,I$34)<2,"",-U0*COS(PI()*I$34/L)*SIN(PI()*$B53/L)) -> -0.34008637 | J53: =IF(COUNT($B53,J$34)<2,"",-U0*COS(PI()*J$34/L)*SIN(PI()*$B53/L)) -> -0.28166003 | K53: =IF(COUNT($B53,K$34)<2,"",-U0*COS(PI()*K$34/L)*SIN(PI()*$B53/L)) -> -0.21694187 | ... X53: =IF(COUNT($B53,X$34)<2,"",-U0*COS(PI()*X$34/L)*SIN(PI()*$B53/L)) -> 0.4986019
A54: 19 | B54: =IF(19<=N,(19-0.5)*dx,"") -> 0.88095238 | D54: =IF(COUNT($B54,D$34)<2,"",-U0*COS(PI()*D$34/L)*SIN(PI()*$B54/L)) -> -0.36431946 | E54: =IF(COUNT($B54,E$34)<2,"",-U0*COS(PI()*E$34/L)*SIN(PI()*$B54/L)) -> -0.35618116 | F54: =IF(COUNT($B54,F$34)<2,"",-U0*COS(PI()*F$34/L)*SIN(PI()*$B54/L)) -> -0.34008637 | G54: =IF(COUNT($B54,G$34)<2,"",-U0*COS(PI()*G$34/L)*SIN(PI()*$B54/L)) -> -0.31639461 | H54: =IF(COUNT($B54,H$34)<2,"",-U0*COS(PI()*H$34/L)*SIN(PI()*$B54/L)) -> -0.28563511 | I54: =IF(COUNT($B54,I$34)<2,"",-U0*COS(PI()*I$34/L)*SIN(PI()*$B54/L)) -> -0.248495 | J54: =IF(COUNT($B54,J$34)<2,"",-U0*COS(PI()*J$34/L)*SIN(PI()*$B54/L)) -> -0.20580393 | K54: =IF(COUNT($B54,K$34)<2,"",-U0*COS(PI()*K$34/L)*SIN(PI()*$B54/L)) -> -0.15851553 | ... X54: =IF(COUNT($B54,X$34)<2,"",-U0*COS(PI()*X$34/L)*SIN(PI()*$B54/L)) -> 0.36431946
A55: 20 | B55: =IF(20<=N,(20-0.5)*dx,"") -> 0.92857143 | D55: =IF(COUNT($B55,D$34)<2,"",-U0*COS(PI()*D$34/L)*SIN(PI()*$B55/L)) -> -0.22189872 | E55: =IF(COUNT($B55,E$34)<2,"",-U0*COS(PI()*E$34/L)*SIN(PI()*$B55/L)) -> -0.21694187 | F55: =IF(COUNT($B55,F$34)<2,"",-U0*COS(PI()*F$34/L)*SIN(PI()*$B55/L)) -> -0.2071389 | G55: =IF(COUNT($B55,G$34)<2,"",-U0*COS(PI()*G$34/L)*SIN(PI()*$B55/L)) -> -0.19270878 | H55: =IF(COUNT($B55,H$34)<2,"",-U0*COS(PI()*H$34/L)*SIN(PI()*$B55/L)) -> -0.17397387 | I55: =IF(COUNT($B55,I$34)<2,"",-U0*COS(PI()*I$34/L)*SIN(PI()*$B55/L)) -> -0.15135267 | J55: =IF(COUNT($B55,J$34)<2,"",-U0*COS(PI()*J$34/L)*SIN(PI()*$B55/L)) -> -0.12535051 | K55: =IF(COUNT($B55,K$34)<2,"",-U0*COS(PI()*K$34/L)*SIN(PI()*$B55/L)) -> -0.096548215 | ... X55: =IF(COUNT($B55,X$34)<2,"",-U0*COS(PI()*X$34/L)*SIN(PI()*$B55/L)) -> 0.22189872
A56: 21 | B56: =IF(21<=N,(21-0.5)*dx,"") -> 0.97619048 | D56: =IF(COUNT($B56,D$34)<2,"",-U0*COS(PI()*D$34/L)*SIN(PI()*$B56/L)) -> -0.074521133 | E56: =IF(COUNT($B56,E$34)<2,"",-U0*COS(PI()*E$34/L)*SIN(PI()*$B56/L)) -> -0.072856454 | F56: =IF(COUNT($B56,F$34)<2,"",-U0*COS(PI()*F$34/L)*SIN(PI()*$B56/L)) -> -0.069564282 | G56: =IF(COUNT($B56,G$34)<2,"",-U0*COS(PI()*G$34/L)*SIN(PI()*$B56/L)) -> -0.064718159 | H56: =IF(COUNT($B56,H$34)<2,"",-U0*COS(PI()*H$34/L)*SIN(PI()*$B56/L)) -> -0.05842634 | I56: =IF(COUNT($B56,I$34)<2,"",-U0*COS(PI()*I$34/L)*SIN(PI()*$B56/L)) -> -0.050829372 | J56: =IF(COUNT($B56,J$34)<2,"",-U0*COS(PI()*J$34/L)*SIN(PI()*$B56/L)) -> -0.042096961 | K56: =IF(COUNT($B56,K$34)<2,"",-U0*COS(PI()*K$34/L)*SIN(PI()*$B56/L)) -> -0.032424172 | ... X56: =IF(COUNT($B56,X$34)<2,"",-U0*COS(PI()*X$34/L)*SIN(PI()*$B56/L)) -> 0.074521133
A60: Discrete divergence of field A, equation (11) [1/s]
A61: i | D61: 1 | E61: 2 | F61: 3 | G61: 4 | H61: 5 | I61: 6 | J61: 7 | K61: 8 | L61: 9 | M61: 10 | N61: 11 | O61: 12 | P61: 13 | Q61: 14 | R61: 15 | S61: 16 | T61: 17 | U61: 18 | V61: 19 | W61: 20 | X61: 21
A62: x [m] | D62: =IF(1<=N,(1-0.5)*dx,"") -> 0.023809524 | E62: =IF(2<=N,(2-0.5)*dx,"") -> 0.071428571 | F62: =IF(3<=N,(3-0.5)*dx,"") -> 0.11904762 | G62: =IF(4<=N,(4-0.5)*dx,"") -> 0.16666667 | H62: =IF(5<=N,(5-0.5)*dx,"") -> 0.21428571 | I62: =IF(6<=N,(6-0.5)*dx,"") -> 0.26190476 | J62: =IF(7<=N,(7-0.5)*dx,"") -> 0.30952381 | K62: =IF(8<=N,(8-0.5)*dx,"") -> 0.35714286 | L62: =IF(9<=N,(9-0.5)*dx,"") -> 0.4047619 | M62: =IF(10<=N,(10-0.5)*dx,"") -> 0.45238095 | N62: =IF(11<=N,(11-0.5)*dx,"") -> 0.5 | O62: =IF(12<=N,(12-0.5)*dx,"") -> 0.54761905 | P62: =IF(13<=N,(13-0.5)*dx,"") -> 0.5952381 | Q62: =IF(14<=N,(14-0.5)*dx,"") -> 0.64285714 | R62: =IF(15<=N,(15-0.5)*dx,"") -> 0.69047619 | S62: =IF(16<=N,(16-0.5)*dx,"") -> 0.73809524 | T62: =IF(17<=N,(17-0.5)*dx,"") -> 0.78571429 | U62: =IF(18<=N,(18-0.5)*dx,"") -> 0.83333333 | V62: =IF(19<=N,(19-0.5)*dx,"") -> 0.88095238 | W62: =IF(20<=N,(20-0.5)*dx,"") -> 0.92857143 | X62: =IF(21<=N,(21-0.5)*dx,"") -> 0.97619048
A63: j | B63: y [m]
A64: 1 | B64: =IF(1<=N,(1-0.5)*dx,"") -> 0.023809524 | D64: =IF(COUNT(C8,E8,D35,D37)<4,"",(E8-C8)/(2*dx)+(D37-D35)/(2*dx)) | E64: =IF(COUNT(D8,F8,E35,E37)<4,"",(F8-D8)/(2*dx)+(E37-E35)/(2*dx)) | F64: =IF(COUNT(E8,G8,F35,F37)<4,"",(G8-E8)/(2*dx)+(F37-F35)/(2*dx)) | G64: =IF(COUNT(F8,H8,G35,G37)<4,"",(H8-F8)/(2*dx)+(G37-G35)/(2*dx)) | H64: =IF(COUNT(G8,I8,H35,H37)<4,"",(I8-G8)/(2*dx)+(H37-H35)/(2*dx)) | I64: =IF(COUNT(H8,J8,I35,I37)<4,"",(J8-H8)/(2*dx)+(I37-I35)/(2*dx)) | J64: =IF(COUNT(I8,K8,J35,J37)<4,"",(K8-I8)/(2*dx)+(J37-J35)/(2*dx)) | K64: =IF(COUNT(J8,L8,K35,K37)<4,"",(L8-J8)/(2*dx)+(K37-K35)/(2*dx)) | ... X64: =IF(COUNT(W8,Y8,X35,X37)<4,"",(Y8-W8)/(2*dx)+(X37-X35)/(2*dx))
A65: 2 | B65: =IF(2<=N,(2-0.5)*dx,"") -> 0.071428571 | D65: =IF(COUNT(C9,E9,D36,D38)<4,"",(E9-C9)/(2*dx)+(D38-D36)/(2*dx)) | E65: =IF(COUNT(D9,F9,E36,E38)<4,"",(F9-D9)/(2*dx)+(E38-E36)/(2*dx)) -> 0 | F65: =IF(COUNT(E9,G9,F36,F38)<4,"",(G9-E9)/(2*dx)+(F38-F36)/(2*dx)) -> 0 | G65: =IF(COUNT(F9,H9,G36,G38)<4,"",(H9-F9)/(2*dx)+(G38-G36)/(2*dx)) -> -4.4408921e-16 | H65: =IF(COUNT(G9,I9,H36,H38)<4,"",(I9-G9)/(2*dx)+(H38-H36)/(2*dx)) -> 4.4408921e-16 | I65: =IF(COUNT(H9,J9,I36,I38)<4,"",(J9-H9)/(2*dx)+(I38-I36)/(2*dx)) -> 4.4408921e-16 | J65: =IF(COUNT(I9,K9,J36,J38)<4,"",(K9-I9)/(2*dx)+(J38-J36)/(2*dx)) -> -2.220446e-16 | K65: =IF(COUNT(J9,L9,K36,K38)<4,"",(L9-J9)/(2*dx)+(K38-K36)/(2*dx)) -> -1.5543122e-15 | ... X65: =IF(COUNT(W9,Y9,X36,X38)<4,"",(Y9-W9)/(2*dx)+(X38-X36)/(2*dx))
A66: 3 | B66: =IF(3<=N,(3-0.5)*dx,"") -> 0.11904762 | D66: =IF(COUNT(C10,E10,D37,D39)<4,"",(E10-C10)/(2*dx)+(D39-D37)/(2*dx)) | E66: =IF(COUNT(D10,F10,E37,E39)<4,"",(F10-D10)/(2*dx)+(E39-E37)/(2*dx)) -> 0 | F66: =IF(COUNT(E10,G10,F37,F39)<4,"",(G10-E10)/(2*dx)+(F39-F37)/(2*dx)) -> 0 | G66: =IF(COUNT(F10,H10,G37,G39)<4,"",(H10-F10)/(2*dx)+(G39-G37)/(2*dx)) -> 4.4408921e-16 | H66: =IF(COUNT(G10,I10,H37,H39)<4,"",(I10-G10)/(2*dx)+(H39-H37)/(2*dx)) -> -4.4408921e-16 | I66: =IF(COUNT(H10,J10,I37,I39)<4,"",(J10-H10)/(2*dx)+(I39-I37)/(2*dx)) -> 2.220446e-16 | J66: =IF(COUNT(I10,K10,J37,J39)<4,"",(K10-I10)/(2*dx)+(J39-J37)/(2*dx)) -> 8.8817842e-16 | K66: =IF(COUNT(J10,L10,K37,K39)<4,"",(L10-J10)/(2*dx)+(K39-K37)/(2*dx)) -> -6.6613381e-16 | ... X66: =IF(COUNT(W10,Y10,X37,X39)<4,"",(Y10-W10)/(2*dx)+(X39-X37)/(2*dx))
A67: 4 | B67: =IF(4<=N,(4-0.5)*dx,"") -> 0.16666667 | D67: =IF(COUNT(C11,E11,D38,D40)<4,"",(E11-C11)/(2*dx)+(D40-D38)/(2*dx)) | E67: =IF(COUNT(D11,F11,E38,E40)<4,"",(F11-D11)/(2*dx)+(E40-E38)/(2*dx)) -> 4.4408921e-16 | F67: =IF(COUNT(E11,G11,F38,F40)<4,"",(G11-E11)/(2*dx)+(F40-F38)/(2*dx)) -> -4.4408921e-16 | G67: =IF(COUNT(F11,H11,G38,G40)<4,"",(H11-F11)/(2*dx)+(G40-G38)/(2*dx)) -> 0 | H67: =IF(COUNT(G11,I11,H38,H40)<4,"",(I11-G11)/(2*dx)+(H40-H38)/(2*dx)) -> 0 | I67: =IF(COUNT(H11,J11,I38,I40)<4,"",(J11-H11)/(2*dx)+(I40-I38)/(2*dx)) -> 2.220446e-16 | J67: =IF(COUNT(I11,K11,J38,J40)<4,"",(K11-I11)/(2*dx)+(J40-J38)/(2*dx)) -> 8.8817842e-16 | K67: =IF(COUNT(J11,L11,K38,K40)<4,"",(L11-J11)/(2*dx)+(K40-K38)/(2*dx)) -> -2.4424907e-15 | ... X67: =IF(COUNT(W11,Y11,X38,X40)<4,"",(Y11-W11)/(2*dx)+(X40-X38)/(2*dx))
A68: 5 | B68: =IF(5<=N,(5-0.5)*dx,"") -> 0.21428571 | D68: =IF(COUNT(C12,E12,D39,D41)<4,"",(E12-C12)/(2*dx)+(D41-D39)/(2*dx)) | E68: =IF(COUNT(D12,F12,E39,E41)<4,"",(F12-D12)/(2*dx)+(E41-E39)/(2*dx)) -> -4.4408921e-16 | F68: =IF(COUNT(E12,G12,F39,F41)<4,"",(G12-E12)/(2*dx)+(F41-F39)/(2*dx)) -> 4.4408921e-16 | G68: =IF(COUNT(F12,H12,G39,G41)<4,"",(H12-F12)/(2*dx)+(G41-G39)/(2*dx)) -> 0 | H68: =IF(COUNT(G12,I12,H39,H41)<4,"",(I12-G12)/(2*dx)+(H41-H39)/(2*dx)) -> 0 | I68: =IF(COUNT(H12,J12,I39,I41)<4,"",(J12-H12)/(2*dx)+(I41-I39)/(2*dx)) -> 1.3322676e-15 | J68: =IF(COUNT(I12,K12,J39,J41)<4,"",(K12-I12)/(2*dx)+(J41-J39)/(2*dx)) -> 6.6613381e-16 | K68: =IF(COUNT(J12,L12,K39,K41)<4,"",(L12-J12)/(2*dx)+(K41-K39)/(2*dx)) -> -1.7763568e-15 | ... X68: =IF(COUNT(W12,Y12,X39,X41)<4,"",(Y12-W12)/(2*dx)+(X41-X39)/(2*dx))
A69: 6 | B69: =IF(6<=N,(6-0.5)*dx,"") -> 0.26190476 | D69: =IF(COUNT(C13,E13,D40,D42)<4,"",(E13-C13)/(2*dx)+(D42-D40)/(2*dx)) | E69: =IF(COUNT(D13,F13,E40,E42)<4,"",(F13-D13)/(2*dx)+(E42-E40)/(2*dx)) -> -4.4408921e-16 | F69: =IF(COUNT(E13,G13,F40,F42)<4,"",(G13-E13)/(2*dx)+(F42-F40)/(2*dx)) -> -2.220446e-16 | G69: =IF(COUNT(F13,H13,G40,G42)<4,"",(H13-F13)/(2*dx)+(G42-G40)/(2*dx)) -> -2.220446e-16 | H69: =IF(COUNT(G13,I13,H40,H42)<4,"",(I13-G13)/(2*dx)+(H42-H40)/(2*dx)) -> -1.3322676e-15 | I69: =IF(COUNT(H13,J13,I40,I42)<4,"",(J13-H13)/(2*dx)+(I42-I40)/(2*dx)) -> 0 | J69: =IF(COUNT(I13,K13,J40,J42)<4,"",(K13-I13)/(2*dx)+(J42-J40)/(2*dx)) -> 6.6613381e-16 | K69: =IF(COUNT(J13,L13,K40,K42)<4,"",(L13-J13)/(2*dx)+(K42-K40)/(2*dx)) -> -1.110223e-15 | ... X69: =IF(COUNT(W13,Y13,X40,X42)<4,"",(Y13-W13)/(2*dx)+(X42-X40)/(2*dx))
A70: 7 | B70: =IF(7<=N,(7-0.5)*dx,"") -> 0.30952381 | D70: =IF(COUNT(C14,E14,D41,D43)<4,"",(E14-C14)/(2*dx)+(D43-D41)/(2*dx)) | E70: =IF(COUNT(D14,F14,E41,E43)<4,"",(F14-D14)/(2*dx)+(E43-E41)/(2*dx)) -> 2.220446e-16 | F70: =IF(COUNT(E14,G14,F41,F43)<4,"",(G14-E14)/(2*dx)+(F43-F41)/(2*dx)) -> -8.8817842e-16 | G70: =IF(COUNT(F14,H14,G41,G43)<4,"",(H14-F14)/(2*dx)+(G43-G41)/(2*dx)) -> -8.8817842e-16 | H70: =IF(COUNT(G14,I14,H41,H43)<4,"",(I14-G14)/(2*dx)+(H43-H41)/(2*dx)) -> -6.6613381e-16 | I70: =IF(COUNT(H14,J14,I41,I43)<4,"",(J14-H14)/(2*dx)+(I43-I41)/(2*dx)) -> -6.6613381e-16 | J70: =IF(COUNT(I14,K14,J41,J43)<4,"",(K14-I14)/(2*dx)+(J43-J41)/(2*dx)) -> 0 | K70: =IF(COUNT(J14,L14,K41,K43)<4,"",(L14-J14)/(2*dx)+(K43-K41)/(2*dx)) -> -1.2212453e-15 | ... X70: =IF(COUNT(W14,Y14,X41,X43)<4,"",(Y14-W14)/(2*dx)+(X43-X41)/(2*dx))
A71: 8 | B71: =IF(8<=N,(8-0.5)*dx,"") -> 0.35714286 | D71: =IF(COUNT(C15,E15,D42,D44)<4,"",(E15-C15)/(2*dx)+(D44-D42)/(2*dx)) | E71: =IF(COUNT(D15,F15,E42,E44)<4,"",(F15-D15)/(2*dx)+(E44-E42)/(2*dx)) -> 1.5543122e-15 | F71: =IF(COUNT(E15,G15,F42,F44)<4,"",(G15-E15)/(2*dx)+(F44-F42)/(2*dx)) -> 6.6613381e-16 | G71: =IF(COUNT(F15,H15,G42,G44)<4,"",(H15-F15)/(2*dx)+(G44-G42)/(2*dx)) -> 2.4424907e-15 | H71: =IF(COUNT(G15,I15,H42,H44)<4,"",(I15-G15)/(2*dx)+(H44-H42)/(2*dx)) -> 1.7763568e-15 | I71: =IF(COUNT(H15,J15,I42,I44)<4,"",(J15-H15)/(2*dx)+(I44-I42)/(2*dx)) -> 1.110223e-15 | J71: =IF(COUNT(I15,K15,J42,J44)<4,"",(K15-I15)/(2*dx)+(J44-J42)/(2*dx)) -> 1.2212453e-15 | K71: =IF(COUNT(J15,L15,K42,K44)<4,"",(L15-J15)/(2*dx)+(K44-K42)/(2*dx)) -> 0 | ... X71: =IF(COUNT(W15,Y15,X42,X44)<4,"",(Y15-W15)/(2*dx)+(X44-X42)/(2*dx))
A72: 9 | B72: =IF(9<=N,(9-0.5)*dx,"") -> 0.4047619 | D72: =IF(COUNT(C16,E16,D43,D45)<4,"",(E16-C16)/(2*dx)+(D45-D43)/(2*dx)) | E72: =IF(COUNT(D16,F16,E43,E45)<4,"",(F16-D16)/(2*dx)+(E45-E43)/(2*dx)) -> -1.2212453e-15 | F72: =IF(COUNT(E16,G16,F43,F45)<4,"",(G16-E16)/(2*dx)+(F45-F43)/(2*dx)) -> -5.5511151e-16 | G72: =IF(COUNT(F16,H16,G43,G45)<4,"",(H16-F16)/(2*dx)+(G45-G43)/(2*dx)) -> -1.110223e-16 | H72: =IF(COUNT(G16,I16,H43,H45)<4,"",(I16-G16)/(2*dx)+(H45-H43)/(2*dx)) -> -5.5511151e-16 | I72: =IF(COUNT(H16,J16,I43,I45)<4,"",(J16-H16)/(2*dx)+(I45-I43)/(2*dx)) -> 2.220446e-16 | J72: =IF(COUNT(I16,K16,J43,J45)<4,"",(K16-I16)/(2*dx)+(J45-J43)/(2*dx)) -> 0 | K72: =IF(COUNT(J16,L16,K43,K45)<4,"",(L16-J16)/(2*dx)+(K45-K43)/(2*dx)) -> -5.5511151e-16 | ... X72: =IF(COUNT(W16,Y16,X43,X45)<4,"",(Y16-W16)/(2*dx)+(X45-X43)/(2*dx))
A73: 10 | B73: =IF(10<=N,(10-0.5)*dx,"") -> 0.45238095 | D73: =IF(COUNT(C17,E17,D44,D46)<4,"",(E17-C17)/(2*dx)+(D46-D44)/(2*dx)) | E73: =IF(COUNT(D17,F17,E44,E46)<4,"",(F17-D17)/(2*dx)+(E46-E44)/(2*dx)) -> -4.9960036e-16 | F73: =IF(COUNT(E17,G17,F44,F46)<4,"",(G17-E17)/(2*dx)+(F46-F44)/(2*dx)) -> 3.8857806e-16 | G73: =IF(COUNT(F17,H17,G44,G46)<4,"",(H17-F17)/(2*dx)+(G46-G44)/(2*dx)) -> -2.220446e-16 | H73: =IF(COUNT(G17,I17,H44,H46)<4,"",(I17-G17)/(2*dx)+(H46-H44)/(2*dx)) -> 0 | I73: =IF(COUNT(H17,J17,I44,I46)<4,"",(J17-H17)/(2*dx)+(I46-I44)/(2*dx)) -> 3.3306691e-16 | J73: =IF(COUNT(I17,K17,J44,J46)<4,"",(K17-I17)/(2*dx)+(J46-J44)/(2*dx)) -> -2.7755576e-16 | K73: =IF(COUNT(J17,L17,K44,K46)<4,"",(L17-J17)/(2*dx)+(K46-K44)/(2*dx)) -> -1.3877788e-16 | ... X73: =IF(COUNT(W17,Y17,X44,X46)<4,"",(Y17-W17)/(2*dx)+(X46-X44)/(2*dx))
A74: 11 | B74: =IF(11<=N,(11-0.5)*dx,"") -> 0.5 | D74: =IF(COUNT(C18,E18,D45,D47)<4,"",(E18-C18)/(2*dx)+(D47-D45)/(2*dx)) | E74: =IF(COUNT(D18,F18,E45,E47)<4,"",(F18-D18)/(2*dx)+(E47-E45)/(2*dx)) -> 1.869218e-16 | F74: =IF(COUNT(E18,G18,F45,F47)<4,"",(G18-E18)/(2*dx)+(F47-F45)/(2*dx)) -> 1.7847535e-16 | G74: =IF(COUNT(F18,H18,G45,G47)<4,"",(H18-F18)/(2*dx)+(G47-G45)/(2*dx)) -> 1.6604205e-16 | H74: =IF(COUNT(G18,I18,H45,H47)<4,"",(I18-G18)/(2*dx)+(H47-H45)/(2*dx)) -> 1.4989965e-16 | I74: =IF(COUNT(H18,J18,I45,I47)<4,"",(J18-H18)/(2*dx)+(I47-I45)/(2*dx)) -> 1.3040873e-16 | J74: =IF(COUNT(I18,K18,J45,J47)<4,"",(K18-I18)/(2*dx)+(J47-J45)/(2*dx)) -> 1.0800471e-16 | K74: =IF(COUNT(J18,L18,K45,K47)<4,"",(L18-J18)/(2*dx)+(K47-K45)/(2*dx)) -> 8.3188029e-17 | ... X74: =IF(COUNT(W18,Y18,X45,X47)<4,"",(Y18-W18)/(2*dx)+(X47-X45)/(2*dx))
A75: 12 | B75: =IF(12<=N,(12-0.5)*dx,"") -> 0.54761905 | D75: =IF(COUNT(C19,E19,D46,D48)<4,"",(E19-C19)/(2*dx)+(D48-D46)/(2*dx)) | E75: =IF(COUNT(D19,F19,E46,E48)<4,"",(F19-D19)/(2*dx)+(E48-E46)/(2*dx)) -> 1.5543122e-15 | F75: =IF(COUNT(E19,G19,F46,F48)<4,"",(G19-E19)/(2*dx)+(F48-F46)/(2*dx)) -> 5.5511151e-16 | G75: =IF(COUNT(F19,H19,G46,G48)<4,"",(H19-F19)/(2*dx)+(G48-G46)/(2*dx)) -> 1.0547119e-15 | H75: =IF(COUNT(G19,I19,H46,H48)<4,"",(I19-G19)/(2*dx)+(H48-H46)/(2*dx)) -> 7.2164497e-16 | I75: =IF(COUNT(H19,J19,I46,I48)<4,"",(J19-H19)/(2*dx)+(I48-I46)/(2*dx)) -> 4.4408921e-16 | J75: =IF(COUNT(I19,K19,J46,J48)<4,"",(K19-I19)/(2*dx)+(J48-J46)/(2*dx)) -> 9.9920072e-16 | K75: =IF(COUNT(J19,L19,K46,K48)<4,"",(L19-J19)/(2*dx)+(K48-K46)/(2*dx)) -> 4.1633363e-16 | ... X75: =IF(COUNT(W19,Y19,X46,X48)<4,"",(Y19-W19)/(2*dx)+(X48-X46)/(2*dx))
A76: 13 | B76: =IF(13<=N,(13-0.5)*dx,"") -> 0.5952381 | D76: =IF(COUNT(C20,E20,D47,D49)<4,"",(E20-C20)/(2*dx)+(D49-D47)/(2*dx)) | E76: =IF(COUNT(D20,F20,E47,E49)<4,"",(F20-D20)/(2*dx)+(E49-E47)/(2*dx)) -> 3.3306691e-16 | F76: =IF(COUNT(E20,G20,F47,F49)<4,"",(G20-E20)/(2*dx)+(F49-F47)/(2*dx)) -> -3.3306691e-16 | G76: =IF(COUNT(F20,H20,G47,G49)<4,"",(H20-F20)/(2*dx)+(G49-G47)/(2*dx)) -> -5.5511151e-16 | H76: =IF(COUNT(G20,I20,H47,H49)<4,"",(I20-G20)/(2*dx)+(H49-H47)/(2*dx)) -> -2.220446e-16 | I76: =IF(COUNT(H20,J20,I47,I49)<4,"",(J20-H20)/(2*dx)+(I49-I47)/(2*dx)) -> -2.220446e-16 | J76: =IF(COUNT(I20,K20,J47,J49)<4,"",(K20-I20)/(2*dx)+(J49-J47)/(2*dx)) -> -3.3306691e-16 | K76: =IF(COUNT(J20,L20,K47,K49)<4,"",(L20-J20)/(2*dx)+(K49-K47)/(2*dx)) -> 2.7755576e-16 | ... X76: =IF(COUNT(W20,Y20,X47,X49)<4,"",(Y20-W20)/(2*dx)+(X49-X47)/(2*dx))
A77: 14 | B77: =IF(14<=N,(14-0.5)*dx,"") -> 0.64285714 | D77: =IF(COUNT(C21,E21,D48,D50)<4,"",(E21-C21)/(2*dx)+(D50-D48)/(2*dx)) | E77: =IF(COUNT(D21,F21,E48,E50)<4,"",(F21-D21)/(2*dx)+(E50-E48)/(2*dx)) -> 0 | F77: =IF(COUNT(E21,G21,F48,F50)<4,"",(G21-E21)/(2*dx)+(F50-F48)/(2*dx)) -> 1.110223e-15 | G77: =IF(COUNT(F21,H21,G48,G50)<4,"",(H21-F21)/(2*dx)+(G50-G48)/(2*dx)) -> 2.220446e-16 | H77: =IF(COUNT(G21,I21,H48,H50)<4,"",(I21-G21)/(2*dx)+(H50-H48)/(2*dx)) -> 4.4408921e-16 | I77: =IF(COUNT(H21,J21,I48,I50)<4,"",(J21-H21)/(2*dx)+(I50-I48)/(2*dx)) -> 0 | J77: =IF(COUNT(I21,K21,J48,J50)<4,"",(K21-I21)/(2*dx)+(J50-J48)/(2*dx)) -> 0 | K77: =IF(COUNT(J21,L21,K48,K50)<4,"",(L21-J21)/(2*dx)+(K50-K48)/(2*dx)) -> 1.2212453e-15 | ... X77: =IF(COUNT(W21,Y21,X48,X50)<4,"",(Y21-W21)/(2*dx)+(X50-X48)/(2*dx))
A78: 15 | B78: =IF(15<=N,(15-0.5)*dx,"") -> 0.69047619 | D78: =IF(COUNT(C22,E22,D49,D51)<4,"",(E22-C22)/(2*dx)+(D51-D49)/(2*dx)) | E78: =IF(COUNT(D22,F22,E49,E51)<4,"",(F22-D22)/(2*dx)+(E51-E49)/(2*dx)) -> -1.7763568e-15 | F78: =IF(COUNT(E22,G22,F49,F51)<4,"",(G22-E22)/(2*dx)+(F51-F49)/(2*dx)) -> -4.4408921e-16 | G78: =IF(COUNT(F22,H22,G49,G51)<4,"",(H22-F22)/(2*dx)+(G51-G49)/(2*dx)) -> -1.110223e-15 | H78: =IF(COUNT(G22,I22,H49,H51)<4,"",(I22-G22)/(2*dx)+(H51-H49)/(2*dx)) -> -6.6613381e-16 | I78: =IF(COUNT(H22,J22,I49,I51)<4,"",(J22-H22)/(2*dx)+(I51-I49)/(2*dx)) -> -1.110223e-15 | J78: =IF(COUNT(I22,K22,J49,J51)<4,"",(K22-I22)/(2*dx)+(J51-J49)/(2*dx)) -> -1.7763568e-15 | K78: =IF(COUNT(J22,L22,K49,K51)<4,"",(L22-J22)/(2*dx)+(K51-K49)/(2*dx)) -> 1.2212453e-15 | ... X78: =IF(COUNT(W22,Y22,X49,X51)<4,"",(Y22-W22)/(2*dx)+(X51-X49)/(2*dx))
A79: 16 | B79: =IF(16<=N,(16-0.5)*dx,"") -> 0.73809524 | D79: =IF(COUNT(C23,E23,D50,D52)<4,"",(E23-C23)/(2*dx)+(D52-D50)/(2*dx)) | E79: =IF(COUNT(D23,F23,E50,E52)<4,"",(F23-D23)/(2*dx)+(E52-E50)/(2*dx)) -> -4.4408921e-16 | F79: =IF(COUNT(E23,G23,F50,F52)<4,"",(G23-E23)/(2*dx)+(F52-F50)/(2*dx)) -> 0 | G79: =IF(COUNT(F23,H23,G50,G52)<4,"",(H23-F23)/(2*dx)+(G52-G50)/(2*dx)) -> 2.220446e-16 | H79: =IF(COUNT(G23,I23,H50,H52)<4,"",(I23-G23)/(2*dx)+(H52-H50)/(2*dx)) -> -6.6613381e-16 | I79: =IF(COUNT(H23,J23,I50,I52)<4,"",(J23-H23)/(2*dx)+(I52-I50)/(2*dx)) -> -6.6613381e-16 | J79: =IF(COUNT(I23,K23,J50,J52)<4,"",(K23-I23)/(2*dx)+(J52-J50)/(2*dx)) -> -6.6613381e-16 | K79: =IF(COUNT(J23,L23,K50,K52)<4,"",(L23-J23)/(2*dx)+(K52-K50)/(2*dx)) -> 5.5511151e-16 | ... X79: =IF(COUNT(W23,Y23,X50,X52)<4,"",(Y23-W23)/(2*dx)+(X52-X50)/(2*dx))
A80: 17 | B80: =IF(17<=N,(17-0.5)*dx,"") -> 0.78571429 | D80: =IF(COUNT(C24,E24,D51,D53)<4,"",(E24-C24)/(2*dx)+(D53-D51)/(2*dx)) | E80: =IF(COUNT(D24,F24,E51,E53)<4,"",(F24-D24)/(2*dx)+(E53-E51)/(2*dx)) -> -1.3322676e-15 | F80: =IF(COUNT(E24,G24,F51,F53)<4,"",(G24-E24)/(2*dx)+(F53-F51)/(2*dx)) -> -2.220446e-15 | G80: =IF(COUNT(F24,H24,G51,G53)<4,"",(H24-F24)/(2*dx)+(G53-G51)/(2*dx)) -> -1.3322676e-15 | H80: =IF(COUNT(G24,I24,H51,H53)<4,"",(I24-G24)/(2*dx)+(H53-H51)/(2*dx)) -> -1.110223e-15 | I80: =IF(COUNT(H24,J24,I51,I53)<4,"",(J24-H24)/(2*dx)+(I53-I51)/(2*dx)) -> -2.4424907e-15 | J80: =IF(COUNT(I24,K24,J51,J53)<4,"",(K24-I24)/(2*dx)+(J53-J51)/(2*dx)) -> -1.7763568e-15 | K80: =IF(COUNT(J24,L24,K51,K53)<4,"",(L24-J24)/(2*dx)+(K53-K51)/(2*dx)) -> 6.6613381e-16 | ... X80: =IF(COUNT(W24,Y24,X51,X53)<4,"",(Y24-W24)/(2*dx)+(X53-X51)/(2*dx))
A81: 18 | B81: =IF(18<=N,(18-0.5)*dx,"") -> 0.83333333 | D81: =IF(COUNT(C25,E25,D52,D54)<4,"",(E25-C25)/(2*dx)+(D54-D52)/(2*dx)) | E81: =IF(COUNT(D25,F25,E52,E54)<4,"",(F25-D25)/(2*dx)+(E54-E52)/(2*dx)) -> -8.8817842e-16 | F81: =IF(COUNT(E25,G25,F52,F54)<4,"",(G25-E25)/(2*dx)+(F54-F52)/(2*dx)) -> -1.3322676e-15 | G81: =IF(COUNT(F25,H25,G52,G54)<4,"",(H25-F25)/(2*dx)+(G54-G52)/(2*dx)) -> -1.3322676e-15 | H81: =IF(COUNT(G25,I25,H52,H54)<4,"",(I25-G25)/(2*dx)+(H54-H52)/(2*dx)) -> 0 | I81: =IF(COUNT(H25,J25,I52,I54)<4,"",(J25-H25)/(2*dx)+(I54-I52)/(2*dx)) -> -1.7763568e-15 | J81: =IF(COUNT(I25,K25,J52,J54)<4,"",(K25-I25)/(2*dx)+(J54-J52)/(2*dx)) -> -1.7763568e-15 | K81: =IF(COUNT(J25,L25,K52,K54)<4,"",(L25-J25)/(2*dx)+(K54-K52)/(2*dx)) -> 8.8817842e-16 | ... X81: =IF(COUNT(W25,Y25,X52,X54)<4,"",(Y25-W25)/(2*dx)+(X54-X52)/(2*dx))
A82: 19 | B82: =IF(19<=N,(19-0.5)*dx,"") -> 0.88095238 | D82: =IF(COUNT(C26,E26,D53,D55)<4,"",(E26-C26)/(2*dx)+(D55-D53)/(2*dx)) | E82: =IF(COUNT(D26,F26,E53,E55)<4,"",(F26-D26)/(2*dx)+(E55-E53)/(2*dx)) -> -1.7763568e-15 | F82: =IF(COUNT(E26,G26,F53,F55)<4,"",(G26-E26)/(2*dx)+(F55-F53)/(2*dx)) -> -4.4408921e-16 | G82: =IF(COUNT(F26,H26,G53,G55)<4,"",(H26-F26)/(2*dx)+(G55-G53)/(2*dx)) -> -1.3322676e-15 | H82: =IF(COUNT(G26,I26,H53,H55)<4,"",(I26-G26)/(2*dx)+(H55-H53)/(2*dx)) -> -8.8817842e-16 | I82: =IF(COUNT(H26,J26,I53,I55)<4,"",(J26-H26)/(2*dx)+(I55-I53)/(2*dx)) -> -1.110223e-15 | J82: =IF(COUNT(I26,K26,J53,J55)<4,"",(K26-I26)/(2*dx)+(J55-J53)/(2*dx)) -> -6.6613381e-16 | K82: =IF(COUNT(J26,L26,K53,K55)<4,"",(L26-J26)/(2*dx)+(K55-K53)/(2*dx)) -> 0 | ... X82: =IF(COUNT(W26,Y26,X53,X55)<4,"",(Y26-W26)/(2*dx)+(X55-X53)/(2*dx))
A83: 20 | B83: =IF(20<=N,(20-0.5)*dx,"") -> 0.92857143 | D83: =IF(COUNT(C27,E27,D54,D56)<4,"",(E27-C27)/(2*dx)+(D56-D54)/(2*dx)) | E83: =IF(COUNT(D27,F27,E54,E56)<4,"",(F27-D27)/(2*dx)+(E56-E54)/(2*dx)) -> -1.7763568e-15 | F83: =IF(COUNT(E27,G27,F54,F56)<4,"",(G27-E27)/(2*dx)+(F56-F54)/(2*dx)) -> -1.3322676e-15 | G83: =IF(COUNT(F27,H27,G54,G56)<4,"",(H27-F27)/(2*dx)+(G56-G54)/(2*dx)) -> -1.3322676e-15 | H83: =IF(COUNT(G27,I27,H54,H56)<4,"",(I27-G27)/(2*dx)+(H56-H54)/(2*dx)) -> -8.8817842e-16 | I83: =IF(COUNT(H27,J27,I54,I56)<4,"",(J27-H27)/(2*dx)+(I56-I54)/(2*dx)) -> -8.8817842e-16 | J83: =IF(COUNT(I27,K27,J54,J56)<4,"",(K27-I27)/(2*dx)+(J56-J54)/(2*dx)) -> -8.8817842e-16 | K83: =IF(COUNT(J27,L27,K54,K56)<4,"",(L27-J27)/(2*dx)+(K56-K54)/(2*dx)) -> 1.3322676e-15 | ... X83: =IF(COUNT(W27,Y27,X54,X56)<4,"",(Y27-W27)/(2*dx)+(X56-X54)/(2*dx))
A84: 21 | B84: =IF(21<=N,(21-0.5)*dx,"") -> 0.97619048 | D84: =IF(COUNT(C28,E28,D55,D57)<4,"",(E28-C28)/(2*dx)+(D57-D55)/(2*dx)) | E84: =IF(COUNT(D28,F28,E55,E57)<4,"",(F28-D28)/(2*dx)+(E57-E55)/(2*dx)) | F84: =IF(COUNT(E28,G28,F55,F57)<4,"",(G28-E28)/(2*dx)+(F57-F55)/(2*dx)) | G84: =IF(COUNT(F28,H28,G55,G57)<4,"",(H28-F28)/(2*dx)+(G57-G55)/(2*dx)) | H84: =IF(COUNT(G28,I28,H55,H57)<4,"",(I28-G28)/(2*dx)+(H57-H55)/(2*dx)) | I84: =IF(COUNT(H28,J28,I55,I57)<4,"",(J28-H28)/(2*dx)+(I57-I55)/(2*dx)) | J84: =IF(COUNT(I28,K28,J55,J57)<4,"",(K28-I28)/(2*dx)+(J57-J55)/(2*dx)) | K84: =IF(COUNT(J28,L28,K55,K57)<4,"",(L28-J28)/(2*dx)+(K57-K55)/(2*dx)) | ... X84: =IF(COUNT(W28,Y28,X55,X57)<4,"",(Y28-W28)/(2*dx)+(X57-X55)/(2*dx))
A88: u of field B [m/s]
A89: i | D89: 1 | E89: 2 | F89: 3 | G89: 4 | H89: 5 | I89: 6 | J89: 7 | K89: 8 | L89: 9 | M89: 10 | N89: 11 | O89: 12 | P89: 13 | Q89: 14 | R89: 15 | S89: 16 | T89: 17 | U89: 18 | V89: 19 | W89: 20 | X89: 21
A90: x [m] | D90: =IF(1<=N,(1-0.5)*dx,"") -> 0.023809524 | E90: =IF(2<=N,(2-0.5)*dx,"") -> 0.071428571 | F90: =IF(3<=N,(3-0.5)*dx,"") -> 0.11904762 | G90: =IF(4<=N,(4-0.5)*dx,"") -> 0.16666667 | H90: =IF(5<=N,(5-0.5)*dx,"") -> 0.21428571 | I90: =IF(6<=N,(6-0.5)*dx,"") -> 0.26190476 | J90: =IF(7<=N,(7-0.5)*dx,"") -> 0.30952381 | K90: =IF(8<=N,(8-0.5)*dx,"") -> 0.35714286 | L90: =IF(9<=N,(9-0.5)*dx,"") -> 0.4047619 | M90: =IF(10<=N,(10-0.5)*dx,"") -> 0.45238095 | N90: =IF(11<=N,(11-0.5)*dx,"") -> 0.5 | O90: =IF(12<=N,(12-0.5)*dx,"") -> 0.54761905 | P90: =IF(13<=N,(13-0.5)*dx,"") -> 0.5952381 | Q90: =IF(14<=N,(14-0.5)*dx,"") -> 0.64285714 | R90: =IF(15<=N,(15-0.5)*dx,"") -> 0.69047619 | S90: =IF(16<=N,(16-0.5)*dx,"") -> 0.73809524 | T90: =IF(17<=N,(17-0.5)*dx,"") -> 0.78571429 | U90: =IF(18<=N,(18-0.5)*dx,"") -> 0.83333333 | V90: =IF(19<=N,(19-0.5)*dx,"") -> 0.88095238 | W90: =IF(20<=N,(20-0.5)*dx,"") -> 0.92857143 | X90: =IF(21<=N,(21-0.5)*dx,"") -> 0.97619048
A91: j | B91: y [m]
A92: 1 | B92: =IF(1<=N,(1-0.5)*dx,"") -> 0.023809524 | D92: =IF(COUNT($B92,D$90)<2,"",U0*SIN(PI()*D$90/L)*SIN(PI()*$B92/L)) -> 0.0055845869 | E92: =IF(COUNT($B92,E$90)<2,"",U0*SIN(PI()*E$90/L)*SIN(PI()*$B92/L)) -> 0.01662901 | F92: =IF(COUNT($B92,F$90)<2,"",U0*SIN(PI()*F$90/L)*SIN(PI()*$B92/L)) -> 0.027301969 | G92: =IF(COUNT($B92,G$90)<2,"",U0*SIN(PI()*G$90/L)*SIN(PI()*$B92/L)) -> 0.037365047 | H92: =IF(COUNT($B92,H$90)<2,"",U0*SIN(PI()*H$90/L)*SIN(PI()*$B92/L)) -> 0.046593451 | I92: =IF(COUNT($B92,I$90)<2,"",U0*SIN(PI()*I$90/L)*SIN(PI()*$B92/L)) -> 0.054781035 | J92: =IF(COUNT($B92,J$90)<2,"",U0*SIN(PI()*J$90/L)*SIN(PI()*$B92/L)) -> 0.061744901 | K92: =IF(COUNT($B92,K$90)<2,"",U0*SIN(PI()*K$90/L)*SIN(PI()*$B92/L)) -> 0.067329488 | ... X92: =IF(COUNT($B92,X$90)<2,"",U0*SIN(PI()*X$90/L)*SIN(PI()*$B92/L)) -> 0.0055845869
A93: 2 | B93: =IF(2<=N,(2-0.5)*dx,"") -> 0.071428571 | D93: =IF(COUNT($B93,D$90)<2,"",U0*SIN(PI()*D$90/L)*SIN(PI()*$B93/L)) -> 0.01662901 | E93: =IF(COUNT($B93,E$90)<2,"",U0*SIN(PI()*E$90/L)*SIN(PI()*$B93/L)) -> 0.049515566 | F93: =IF(COUNT($B93,F$90)<2,"",U0*SIN(PI()*F$90/L)*SIN(PI()*$B93/L)) -> 0.081296026 | G93: =IF(COUNT($B93,G$90)<2,"",U0*SIN(PI()*G$90/L)*SIN(PI()*$B93/L)) -> 0.11126047 | H93: =IF(COUNT($B93,H$90)<2,"",U0*SIN(PI()*H$90/L)*SIN(PI()*$B93/L)) -> 0.13873953 | I93: =IF(COUNT($B93,I$90)<2,"",U0*SIN(PI()*I$90/L)*SIN(PI()*$B93/L)) -> 0.16311939 | J93: =IF(COUNT($B93,J$90)<2,"",U0*SIN(PI()*J$90/L)*SIN(PI()*$B93/L)) -> 0.18385542 | K93: =IF(COUNT($B93,K$90)<2,"",U0*SIN(PI()*K$90/L)*SIN(PI()*$B93/L)) -> 0.20048443 | ... X93: =IF(COUNT($B93,X$90)<2,"",U0*SIN(PI()*X$90/L)*SIN(PI()*$B93/L)) -> 0.01662901
A94: 3 | B94: =IF(3<=N,(3-0.5)*dx,"") -> 0.11904762 | D94: =IF(COUNT($B94,D$90)<2,"",U0*SIN(PI()*D$90/L)*SIN(PI()*$B94/L)) -> 0.027301969 | E94: =IF(COUNT($B94,E$90)<2,"",U0*SIN(PI()*E$90/L)*SIN(PI()*$B94/L)) -> 0.081296026 | F94: =IF(COUNT($B94,F$90)<2,"",U0*SIN(PI()*F$90/L)*SIN(PI()*$B94/L)) -> 0.13347406 | G94: =IF(COUNT($B94,G$90)<2,"",U0*SIN(PI()*G$90/L)*SIN(PI()*$B94/L)) -> 0.18267051 | H94: =IF(COUNT($B94,H$90)<2,"",U0*SIN(PI()*H$90/L)*SIN(PI()*$B94/L)) -> 0.2277864 | I94: =IF(COUNT($B94,I$90)<2,"",U0*SIN(PI()*I$90/L)*SIN(PI()*$B94/L)) -> 0.26781392 | J94: =IF(COUNT($B94,J$90)<2,"",U0*SIN(PI()*J$90/L)*SIN(PI()*$B94/L)) -> 0.30185892 | K94: =IF(COUNT($B94,K$90)<2,"",U0*SIN(PI()*K$90/L)*SIN(PI()*$B94/L)) -> 0.32916089 | ... X94: =IF(COUNT($B94,X$90)<2,"",U0*SIN(PI()*X$90/L)*SIN(PI()*$B94/L)) -> 0.027301969
A95: 4 | B95: =IF(4<=N,(4-0.5)*dx,"") -> 0.16666667 | D95: =IF(COUNT($B95,D$90)<2,"",U0*SIN(PI()*D$90/L)*SIN(PI()*$B95/L)) -> 0.037365047 | E95: =IF(COUNT($B95,E$90)<2,"",U0*SIN(PI()*E$90/L)*SIN(PI()*$B95/L)) -> 0.11126047 | F95: =IF(COUNT($B95,F$90)<2,"",U0*SIN(PI()*F$90/L)*SIN(PI()*$B95/L)) -> 0.18267051 | G95: =IF(COUNT($B95,G$90)<2,"",U0*SIN(PI()*G$90/L)*SIN(PI()*$B95/L)) -> 0.25 | H95: =IF(COUNT($B95,H$90)<2,"",U0*SIN(PI()*H$90/L)*SIN(PI()*$B95/L)) -> 0.3117449 | I95: =IF(COUNT($B95,I$90)<2,"",U0*SIN(PI()*I$90/L)*SIN(PI()*$B95/L)) -> 0.36652594 | J95: =IF(COUNT($B95,J$90)<2,"",U0*SIN(PI()*J$90/L)*SIN(PI()*$B95/L)) -> 0.41311939 | K95: =IF(COUNT($B95,K$90)<2,"",U0*SIN(PI()*K$90/L)*SIN(PI()*$B95/L)) -> 0.45048443 | ... X95: =IF(COUNT($B95,X$90)<2,"",U0*SIN(PI()*X$90/L)*SIN(PI()*$B95/L)) -> 0.037365047
A96: 5 | B96: =IF(5<=N,(5-0.5)*dx,"") -> 0.21428571 | D96: =IF(COUNT($B96,D$90)<2,"",U0*SIN(PI()*D$90/L)*SIN(PI()*$B96/L)) -> 0.046593451 | E96: =IF(COUNT($B96,E$90)<2,"",U0*SIN(PI()*E$90/L)*SIN(PI()*$B96/L)) -> 0.13873953 | F96: =IF(COUNT($B96,F$90)<2,"",U0*SIN(PI()*F$90/L)*SIN(PI()*$B96/L)) -> 0.2277864 | G96: =IF(COUNT($B96,G$90)<2,"",U0*SIN(PI()*G$90/L)*SIN(PI()*$B96/L)) -> 0.3117449 | H96: =IF(COUNT($B96,H$90)<2,"",U0*SIN(PI()*H$90/L)*SIN(PI()*$B96/L)) -> 0.38873953 | I96: =IF(COUNT($B96,I$90)<2,"",U0*SIN(PI()*I$90/L)*SIN(PI()*$B96/L)) -> 0.45705037 | J96: =IF(COUNT($B96,J$90)<2,"",U0*SIN(PI()*J$90/L)*SIN(PI()*$B96/L)) -> 0.51515145 | K96: =IF(COUNT($B96,K$90)<2,"",U0*SIN(PI()*K$90/L)*SIN(PI()*$B96/L)) -> 0.5617449 | ... X96: =IF(COUNT($B96,X$90)<2,"",U0*SIN(PI()*X$90/L)*SIN(PI()*$B96/L)) -> 0.046593451
A97: 6 | B97: =IF(6<=N,(6-0.5)*dx,"") -> 0.26190476 | D97: =IF(COUNT($B97,D$90)<2,"",U0*SIN(PI()*D$90/L)*SIN(PI()*$B97/L)) -> 0.054781035 | E97: =IF(COUNT($B97,E$90)<2,"",U0*SIN(PI()*E$90/L)*SIN(PI()*$B97/L)) -> 0.16311939 | F97: =IF(COUNT($B97,F$90)<2,"",U0*SIN(PI()*F$90/L)*SIN(PI()*$B97/L)) -> 0.26781392 | G97: =IF(COUNT($B97,G$90)<2,"",U0*SIN(PI()*G$90/L)*SIN(PI()*$B97/L)) -> 0.36652594 | H97: =IF(COUNT($B97,H$90)<2,"",U0*SIN(PI()*H$90/L)*SIN(PI()*$B97/L)) -> 0.45705037 | I97: =IF(COUNT($B97,I$90)<2,"",U0*SIN(PI()*I$90/L)*SIN(PI()*$B97/L)) -> 0.53736505 | J97: =IF(COUNT($B97,J$90)<2,"",U0*SIN(PI()*J$90/L)*SIN(PI()*$B97/L)) -> 0.60567588 | K97: =IF(COUNT($B97,K$90)<2,"",U0*SIN(PI()*K$90/L)*SIN(PI()*$B97/L)) -> 0.66045692 | ... X97: =IF(COUNT($B97,X$90)<2,"",U0*SIN(PI()*X$90/L)*SIN(PI()*$B97/L)) -> 0.054781035
A98: 7 | B98: =IF(7<=N,(7-0.5)*dx,"") -> 0.30952381 | D98: =IF(COUNT($B98,D$90)<2,"",U0*SIN(PI()*D$90/L)*SIN(PI()*$B98/L)) -> 0.061744901 | E98: =IF(COUNT($B98,E$90)<2,"",U0*SIN(PI()*E$90/L)*SIN(PI()*$B98/L)) -> 0.18385542 | F98: =IF(COUNT($B98,F$90)<2,"",U0*SIN(PI()*F$90/L)*SIN(PI()*$B98/L)) -> 0.30185892 | G98: =IF(COUNT($B98,G$90)<2,"",U0*SIN(PI()*G$90/L)*SIN(PI()*$B98/L)) -> 0.41311939 | H98: =IF(COUNT($B98,H$90)<2,"",U0*SIN(PI()*H$90/L)*SIN(PI()*$B98/L)) -> 0.51515145 | I98: =IF(COUNT($B98,I$90)<2,"",U0*SIN(PI()*I$90/L)*SIN(PI()*$B98/L)) -> 0.60567588 | J98: =IF(COUNT($B98,J$90)<2,"",U0*SIN(PI()*J$90/L)*SIN(PI()*$B98/L)) -> 0.68267051 | K98: =IF(COUNT($B98,K$90)<2,"",U0*SIN(PI()*K$90/L)*SIN(PI()*$B98/L)) -> 0.74441541 | ... X98: =IF(COUNT($B98,X$90)<2,"",U0*SIN(PI()*X$90/L)*SIN(PI()*$B98/L)) -> 0.061744901
A99: 8 | B99: =IF(8<=N,(8-0.5)*dx,"") -> 0.35714286 | D99: =IF(COUNT($B99,D$90)<2,"",U0*SIN(PI()*D$90/L)*SIN(PI()*$B99/L)) -> 0.067329488 | E99: =IF(COUNT($B99,E$90)<2,"",U0*SIN(PI()*E$90/L)*SIN(PI()*$B99/L)) -> 0.20048443 | F99: =IF(COUNT($B99,F$90)<2,"",U0*SIN(PI()*F$90/L)*SIN(PI()*$B99/L)) -> 0.32916089 | G99: =IF(COUNT($B99,G$90)<2,"",U0*SIN(PI()*G$90/L)*SIN(PI()*$B99/L)) -> 0.45048443 | H99: =IF(COUNT($B99,H$90)<2,"",U0*SIN(PI()*H$90/L)*SIN(PI()*$B99/L)) -> 0.5617449 | I99: =IF(COUNT($B99,I$90)<2,"",U0*SIN(PI()*I$90/L)*SIN(PI()*$B99/L)) -> 0.66045692 | J99: =IF(COUNT($B99,J$90)<2,"",U0*SIN(PI()*J$90/L)*SIN(PI()*$B99/L)) -> 0.74441541 | K99: =IF(COUNT($B99,K$90)<2,"",U0*SIN(PI()*K$90/L)*SIN(PI()*$B99/L)) -> 0.8117449 | ... X99: =IF(COUNT($B99,X$90)<2,"",U0*SIN(PI()*X$90/L)*SIN(PI()*$B99/L)) -> 0.067329488
A100: 9 | B100: =IF(9<=N,(9-0.5)*dx,"") -> 0.4047619 | D100: =IF(COUNT($B100,D$90)<2,"",U0*SIN(PI()*D$90/L)*SIN(PI()*$B100/L)) -> 0.071410045 | E100: =IF(COUNT($B100,E$90)<2,"",U0*SIN(PI()*E$90/L)*SIN(PI()*$B100/L)) -> 0.21263495 | F100: =IF(COUNT($B100,F$90)<2,"",U0*SIN(PI()*F$90/L)*SIN(PI()*$B100/L)) -> 0.34910995 | G100: =IF(COUNT($B100,G$90)<2,"",U0*SIN(PI()*G$90/L)*SIN(PI()*$B100/L)) -> 0.4777864 | H100: =IF(COUNT($B100,H$90)<2,"",U0*SIN(PI()*H$90/L)*SIN(PI()*$B100/L)) -> 0.5957899 | I100: =IF(COUNT($B100,I$90)<2,"",U0*SIN(PI()*I$90/L)*SIN(PI()*$B100/L)) -> 0.70048443 | J100: =IF(COUNT($B100,J$90)<2,"",U0*SIN(PI()*J$90/L)*SIN(PI()*$B100/L)) -> 0.7895313 | K100: =IF(COUNT($B100,K$90)<2,"",U0*SIN(PI()*K$90/L)*SIN(PI()*$B100/L)) -> 0.86094135 | ... X100: =IF(COUNT($B100,X$90)<2,"",U0*SIN(PI()*X$90/L)*SIN(PI()*$B100/L)) -> 0.071410045
A101: 10 | B101: =IF(10<=N,(10-0.5)*dx,"") -> 0.45238095 | D101: =IF(COUNT($B101,D$90)<2,"",U0*SIN(PI()*D$90/L)*SIN(PI()*$B101/L)) -> 0.07389542 | E101: =IF(COUNT($B101,E$90)<2,"",U0*SIN(PI()*E$90/L)*SIN(PI()*$B101/L)) -> 0.22003556 | F101: =IF(COUNT($B101,F$90)<2,"",U0*SIN(PI()*F$90/L)*SIN(PI()*$B101/L)) -> 0.36126047 | G101: =IF(COUNT($B101,G$90)<2,"",U0*SIN(PI()*G$90/L)*SIN(PI()*$B101/L)) -> 0.49441541 | H101: =IF(COUNT($B101,H$90)<2,"",U0*SIN(PI()*H$90/L)*SIN(PI()*$B101/L)) -> 0.61652594 | I101: =IF(COUNT($B101,I$90)<2,"",U0*SIN(PI()*I$90/L)*SIN(PI()*$B101/L)) -> 0.72486429 | J101: =IF(COUNT($B101,J$90)<2,"",U0*SIN(PI()*J$90/L)*SIN(PI()*$B101/L)) -> 0.81701037 | K101: =IF(COUNT($B101,K$90)<2,"",U0*SIN(PI()*K$90/L)*SIN(PI()*$B101/L)) -> 0.89090579 | ... X101: =IF(COUNT($B101,X$90)<2,"",U0*SIN(PI()*X$90/L)*SIN(PI()*$B101/L)) -> 0.07389542
A102: 11 | B102: =IF(11<=N,(11-0.5)*dx,"") -> 0.5 | D102: =IF(COUNT($B102,D$90)<2,"",U0*SIN(PI()*D$90/L)*SIN(PI()*$B102/L)) -> 0.074730094 | E102: =IF(COUNT($B102,E$90)<2,"",U0*SIN(PI()*E$90/L)*SIN(PI()*$B102/L)) -> 0.22252093 | F102: =IF(COUNT($B102,F$90)<2,"",U0*SIN(PI()*F$90/L)*SIN(PI()*$B102/L)) -> 0.36534102 | G102: =IF(COUNT($B102,G$90)<2,"",U0*SIN(PI()*G$90/L)*SIN(PI()*$B102/L)) -> 0.5 | H102: =IF(COUNT($B102,H$90)<2,"",U0*SIN(PI()*H$90/L)*SIN(PI()*$B102/L)) -> 0.6234898 | I102: =IF(COUNT($B102,I$90)<2,"",U0*SIN(PI()*I$90/L)*SIN(PI()*$B102/L)) -> 0.73305187 | J102: =IF(COUNT($B102,J$90)<2,"",U0*SIN(PI()*J$90/L)*SIN(PI()*$B102/L)) -> 0.82623877 | K102: =IF(COUNT($B102,K$90)<2,"",U0*SIN(PI()*K$90/L)*SIN(PI()*$B102/L)) -> 0.90096887 | ... X102: =IF(COUNT($B102,X$90)<2,"",U0*SIN(PI()*X$90/L)*SIN(PI()*$B102/L)) -> 0.074730094
A103: 12 | B103: =IF(12<=N,(12-0.5)*dx,"") -> 0.54761905 | D103: =IF(COUNT($B103,D$90)<2,"",U0*SIN(PI()*D$90/L)*SIN(PI()*$B103/L)) -> 0.07389542 | E103: =IF(COUNT($B103,E$90)<2,"",U0*SIN(PI()*E$90/L)*SIN(PI()*$B103/L)) -> 0.22003556 | F103: =IF(COUNT($B103,F$90)<2,"",U0*SIN(PI()*F$90/L)*SIN(PI()*$B103/L)) -> 0.36126047 | G103: =IF(COUNT($B103,G$90)<2,"",U0*SIN(PI()*G$90/L)*SIN(PI()*$B103/L)) -> 0.49441541 | H103: =IF(COUNT($B103,H$90)<2,"",U0*SIN(PI()*H$90/L)*SIN(PI()*$B103/L)) -> 0.61652594 | I103: =IF(COUNT($B103,I$90)<2,"",U0*SIN(PI()*I$90/L)*SIN(PI()*$B103/L)) -> 0.72486429 | J103: =IF(COUNT($B103,J$90)<2,"",U0*SIN(PI()*J$90/L)*SIN(PI()*$B103/L)) -> 0.81701037 | K103: =IF(COUNT($B103,K$90)<2,"",U0*SIN(PI()*K$90/L)*SIN(PI()*$B103/L)) -> 0.89090579 | ... X103: =IF(COUNT($B103,X$90)<2,"",U0*SIN(PI()*X$90/L)*SIN(PI()*$B103/L)) -> 0.07389542
A104: 13 | B104: =IF(13<=N,(13-0.5)*dx,"") -> 0.5952381 | D104: =IF(COUNT($B104,D$90)<2,"",U0*SIN(PI()*D$90/L)*SIN(PI()*$B104/L)) -> 0.071410045 | E104: =IF(COUNT($B104,E$90)<2,"",U0*SIN(PI()*E$90/L)*SIN(PI()*$B104/L)) -> 0.21263495 | F104: =IF(COUNT($B104,F$90)<2,"",U0*SIN(PI()*F$90/L)*SIN(PI()*$B104/L)) -> 0.34910995 | G104: =IF(COUNT($B104,G$90)<2,"",U0*SIN(PI()*G$90/L)*SIN(PI()*$B104/L)) -> 0.4777864 | H104: =IF(COUNT($B104,H$90)<2,"",U0*SIN(PI()*H$90/L)*SIN(PI()*$B104/L)) -> 0.5957899 | I104: =IF(COUNT($B104,I$90)<2,"",U0*SIN(PI()*I$90/L)*SIN(PI()*$B104/L)) -> 0.70048443 | J104: =IF(COUNT($B104,J$90)<2,"",U0*SIN(PI()*J$90/L)*SIN(PI()*$B104/L)) -> 0.7895313 | K104: =IF(COUNT($B104,K$90)<2,"",U0*SIN(PI()*K$90/L)*SIN(PI()*$B104/L)) -> 0.86094135 | ... X104: =IF(COUNT($B104,X$90)<2,"",U0*SIN(PI()*X$90/L)*SIN(PI()*$B104/L)) -> 0.071410045
A105: 14 | B105: =IF(14<=N,(14-0.5)*dx,"") -> 0.64285714 | D105: =IF(COUNT($B105,D$90)<2,"",U0*SIN(PI()*D$90/L)*SIN(PI()*$B105/L)) -> 0.067329488 | E105: =IF(COUNT($B105,E$90)<2,"",U0*SIN(PI()*E$90/L)*SIN(PI()*$B105/L)) -> 0.20048443 | F105: =IF(COUNT($B105,F$90)<2,"",U0*SIN(PI()*F$90/L)*SIN(PI()*$B105/L)) -> 0.32916089 | G105: =IF(COUNT($B105,G$90)<2,"",U0*SIN(PI()*G$90/L)*SIN(PI()*$B105/L)) -> 0.45048443 | H105: =IF(COUNT($B105,H$90)<2,"",U0*SIN(PI()*H$90/L)*SIN(PI()*$B105/L)) -> 0.5617449 | I105: =IF(COUNT($B105,I$90)<2,"",U0*SIN(PI()*I$90/L)*SIN(PI()*$B105/L)) -> 0.66045692 | J105: =IF(COUNT($B105,J$90)<2,"",U0*SIN(PI()*J$90/L)*SIN(PI()*$B105/L)) -> 0.74441541 | K105: =IF(COUNT($B105,K$90)<2,"",U0*SIN(PI()*K$90/L)*SIN(PI()*$B105/L)) -> 0.8117449 | ... X105: =IF(COUNT($B105,X$90)<2,"",U0*SIN(PI()*X$90/L)*SIN(PI()*$B105/L)) -> 0.067329488
A106: 15 | B106: =IF(15<=N,(15-0.5)*dx,"") -> 0.69047619 | D106: =IF(COUNT($B106,D$90)<2,"",U0*SIN(PI()*D$90/L)*SIN(PI()*$B106/L)) -> 0.061744901 | E106: =IF(COUNT($B106,E$90)<2,"",U0*SIN(PI()*E$90/L)*SIN(PI()*$B106/L)) -> 0.18385542 | F106: =IF(COUNT($B106,F$90)<2,"",U0*SIN(PI()*F$90/L)*SIN(PI()*$B106/L)) -> 0.30185892 | G106: =IF(COUNT($B106,G$90)<2,"",U0*SIN(PI()*G$90/L)*SIN(PI()*$B106/L)) -> 0.41311939 | H106: =IF(COUNT($B106,H$90)<2,"",U0*SIN(PI()*H$90/L)*SIN(PI()*$B106/L)) -> 0.51515145 | I106: =IF(COUNT($B106,I$90)<2,"",U0*SIN(PI()*I$90/L)*SIN(PI()*$B106/L)) -> 0.60567588 | J106: =IF(COUNT($B106,J$90)<2,"",U0*SIN(PI()*J$90/L)*SIN(PI()*$B106/L)) -> 0.68267051 | K106: =IF(COUNT($B106,K$90)<2,"",U0*SIN(PI()*K$90/L)*SIN(PI()*$B106/L)) -> 0.74441541 | ... X106: =IF(COUNT($B106,X$90)<2,"",U0*SIN(PI()*X$90/L)*SIN(PI()*$B106/L)) -> 0.061744901
A107: 16 | B107: =IF(16<=N,(16-0.5)*dx,"") -> 0.73809524 | D107: =IF(COUNT($B107,D$90)<2,"",U0*SIN(PI()*D$90/L)*SIN(PI()*$B107/L)) -> 0.054781035 | E107: =IF(COUNT($B107,E$90)<2,"",U0*SIN(PI()*E$90/L)*SIN(PI()*$B107/L)) -> 0.16311939 | F107: =IF(COUNT($B107,F$90)<2,"",U0*SIN(PI()*F$90/L)*SIN(PI()*$B107/L)) -> 0.26781392 | G107: =IF(COUNT($B107,G$90)<2,"",U0*SIN(PI()*G$90/L)*SIN(PI()*$B107/L)) -> 0.36652594 | H107: =IF(COUNT($B107,H$90)<2,"",U0*SIN(PI()*H$90/L)*SIN(PI()*$B107/L)) -> 0.45705037 | I107: =IF(COUNT($B107,I$90)<2,"",U0*SIN(PI()*I$90/L)*SIN(PI()*$B107/L)) -> 0.53736505 | J107: =IF(COUNT($B107,J$90)<2,"",U0*SIN(PI()*J$90/L)*SIN(PI()*$B107/L)) -> 0.60567588 | K107: =IF(COUNT($B107,K$90)<2,"",U0*SIN(PI()*K$90/L)*SIN(PI()*$B107/L)) -> 0.66045692 | ... X107: =IF(COUNT($B107,X$90)<2,"",U0*SIN(PI()*X$90/L)*SIN(PI()*$B107/L)) -> 0.054781035
A108: 17 | B108: =IF(17<=N,(17-0.5)*dx,"") -> 0.78571429 | D108: =IF(COUNT($B108,D$90)<2,"",U0*SIN(PI()*D$90/L)*SIN(PI()*$B108/L)) -> 0.046593451 | E108: =IF(COUNT($B108,E$90)<2,"",U0*SIN(PI()*E$90/L)*SIN(PI()*$B108/L)) -> 0.13873953 | F108: =IF(COUNT($B108,F$90)<2,"",U0*SIN(PI()*F$90/L)*SIN(PI()*$B108/L)) -> 0.2277864 | G108: =IF(COUNT($B108,G$90)<2,"",U0*SIN(PI()*G$90/L)*SIN(PI()*$B108/L)) -> 0.3117449 | H108: =IF(COUNT($B108,H$90)<2,"",U0*SIN(PI()*H$90/L)*SIN(PI()*$B108/L)) -> 0.38873953 | I108: =IF(COUNT($B108,I$90)<2,"",U0*SIN(PI()*I$90/L)*SIN(PI()*$B108/L)) -> 0.45705037 | J108: =IF(COUNT($B108,J$90)<2,"",U0*SIN(PI()*J$90/L)*SIN(PI()*$B108/L)) -> 0.51515145 | K108: =IF(COUNT($B108,K$90)<2,"",U0*SIN(PI()*K$90/L)*SIN(PI()*$B108/L)) -> 0.5617449 | ... X108: =IF(COUNT($B108,X$90)<2,"",U0*SIN(PI()*X$90/L)*SIN(PI()*$B108/L)) -> 0.046593451
A109: 18 | B109: =IF(18<=N,(18-0.5)*dx,"") -> 0.83333333 | D109: =IF(COUNT($B109,D$90)<2,"",U0*SIN(PI()*D$90/L)*SIN(PI()*$B109/L)) -> 0.037365047 | E109: =IF(COUNT($B109,E$90)<2,"",U0*SIN(PI()*E$90/L)*SIN(PI()*$B109/L)) -> 0.11126047 | F109: =IF(COUNT($B109,F$90)<2,"",U0*SIN(PI()*F$90/L)*SIN(PI()*$B109/L)) -> 0.18267051 | G109: =IF(COUNT($B109,G$90)<2,"",U0*SIN(PI()*G$90/L)*SIN(PI()*$B109/L)) -> 0.25 | H109: =IF(COUNT($B109,H$90)<2,"",U0*SIN(PI()*H$90/L)*SIN(PI()*$B109/L)) -> 0.3117449 | I109: =IF(COUNT($B109,I$90)<2,"",U0*SIN(PI()*I$90/L)*SIN(PI()*$B109/L)) -> 0.36652594 | J109: =IF(COUNT($B109,J$90)<2,"",U0*SIN(PI()*J$90/L)*SIN(PI()*$B109/L)) -> 0.41311939 | K109: =IF(COUNT($B109,K$90)<2,"",U0*SIN(PI()*K$90/L)*SIN(PI()*$B109/L)) -> 0.45048443 | ... X109: =IF(COUNT($B109,X$90)<2,"",U0*SIN(PI()*X$90/L)*SIN(PI()*$B109/L)) -> 0.037365047
A110: 19 | B110: =IF(19<=N,(19-0.5)*dx,"") -> 0.88095238 | D110: =IF(COUNT($B110,D$90)<2,"",U0*SIN(PI()*D$90/L)*SIN(PI()*$B110/L)) -> 0.027301969 | E110: =IF(COUNT($B110,E$90)<2,"",U0*SIN(PI()*E$90/L)*SIN(PI()*$B110/L)) -> 0.081296026 | F110: =IF(COUNT($B110,F$90)<2,"",U0*SIN(PI()*F$90/L)*SIN(PI()*$B110/L)) -> 0.13347406 | G110: =IF(COUNT($B110,G$90)<2,"",U0*SIN(PI()*G$90/L)*SIN(PI()*$B110/L)) -> 0.18267051 | H110: =IF(COUNT($B110,H$90)<2,"",U0*SIN(PI()*H$90/L)*SIN(PI()*$B110/L)) -> 0.2277864 | I110: =IF(COUNT($B110,I$90)<2,"",U0*SIN(PI()*I$90/L)*SIN(PI()*$B110/L)) -> 0.26781392 | J110: =IF(COUNT($B110,J$90)<2,"",U0*SIN(PI()*J$90/L)*SIN(PI()*$B110/L)) -> 0.30185892 | K110: =IF(COUNT($B110,K$90)<2,"",U0*SIN(PI()*K$90/L)*SIN(PI()*$B110/L)) -> 0.32916089 | ... X110: =IF(COUNT($B110,X$90)<2,"",U0*SIN(PI()*X$90/L)*SIN(PI()*$B110/L)) -> 0.027301969
...

Sheet Analytical
A1: F01 · Analytical
A2: The exact divergence of each field, equations (13) and (15).
A4: Exact divergence of field A, equation (13) [1/s]
A5: i | D5: 1 | E5: 2 | F5: 3 | G5: 4 | H5: 5 | I5: 6 | J5: 7 | K5: 8 | L5: 9 | M5: 10 | N5: 11 | O5: 12 | P5: 13 | Q5: 14 | R5: 15 | S5: 16 | T5: 17 | U5: 18 | V5: 19 | W5: 20 | X5: 21
A6: x [m] | D6: =IF(1<=N,(1-0.5)*dx,"") -> 0.023809524 | E6: =IF(2<=N,(2-0.5)*dx,"") -> 0.071428571 | F6: =IF(3<=N,(3-0.5)*dx,"") -> 0.11904762 | G6: =IF(4<=N,(4-0.5)*dx,"") -> 0.16666667 | H6: =IF(5<=N,(5-0.5)*dx,"") -> 0.21428571 | I6: =IF(6<=N,(6-0.5)*dx,"") -> 0.26190476 | J6: =IF(7<=N,(7-0.5)*dx,"") -> 0.30952381 | K6: =IF(8<=N,(8-0.5)*dx,"") -> 0.35714286 | L6: =IF(9<=N,(9-0.5)*dx,"") -> 0.4047619 | M6: =IF(10<=N,(10-0.5)*dx,"") -> 0.45238095 | N6: =IF(11<=N,(11-0.5)*dx,"") -> 0.5 | O6: =IF(12<=N,(12-0.5)*dx,"") -> 0.54761905 | P6: =IF(13<=N,(13-0.5)*dx,"") -> 0.5952381 | Q6: =IF(14<=N,(14-0.5)*dx,"") -> 0.64285714 | R6: =IF(15<=N,(15-0.5)*dx,"") -> 0.69047619 | S6: =IF(16<=N,(16-0.5)*dx,"") -> 0.73809524 | T6: =IF(17<=N,(17-0.5)*dx,"") -> 0.78571429 | U6: =IF(18<=N,(18-0.5)*dx,"") -> 0.83333333 | V6: =IF(19<=N,(19-0.5)*dx,"") -> 0.88095238 | W6: =IF(20<=N,(20-0.5)*dx,"") -> 0.92857143 | X6: =IF(21<=N,(21-0.5)*dx,"") -> 0.97619048
A7: j | B7: y [m]
A8: 1 | B8: =IF(1<=N,(1-0.5)*dx,"") -> 0.023809524 | D8: =IF(COUNT($B8,D$6)<2,"",0) -> 0 | E8: =IF(COUNT($B8,E$6)<2,"",0) -> 0 | F8: =IF(COUNT($B8,F$6)<2,"",0) -> 0 | G8: =IF(COUNT($B8,G$6)<2,"",0) -> 0 | H8: =IF(COUNT($B8,H$6)<2,"",0) -> 0 | I8: =IF(COUNT($B8,I$6)<2,"",0) -> 0 | J8: =IF(COUNT($B8,J$6)<2,"",0) -> 0 | K8: =IF(COUNT($B8,K$6)<2,"",0) -> 0 | ... X8: =IF(COUNT($B8,X$6)<2,"",0) -> 0
A9: 2 | B9: =IF(2<=N,(2-0.5)*dx,"") -> 0.071428571 | D9: =IF(COUNT($B9,D$6)<2,"",0) -> 0 | E9: =IF(COUNT($B9,E$6)<2,"",0) -> 0 | F9: =IF(COUNT($B9,F$6)<2,"",0) -> 0 | G9: =IF(COUNT($B9,G$6)<2,"",0) -> 0 | H9: =IF(COUNT($B9,H$6)<2,"",0) -> 0 | I9: =IF(COUNT($B9,I$6)<2,"",0) -> 0 | J9: =IF(COUNT($B9,J$6)<2,"",0) -> 0 | K9: =IF(COUNT($B9,K$6)<2,"",0) -> 0 | ... X9: =IF(COUNT($B9,X$6)<2,"",0) -> 0
A10: 3 | B10: =IF(3<=N,(3-0.5)*dx,"") -> 0.11904762 | D10: =IF(COUNT($B10,D$6)<2,"",0) -> 0 | E10: =IF(COUNT($B10,E$6)<2,"",0) -> 0 | F10: =IF(COUNT($B10,F$6)<2,"",0) -> 0 | G10: =IF(COUNT($B10,G$6)<2,"",0) -> 0 | H10: =IF(COUNT($B10,H$6)<2,"",0) -> 0 | I10: =IF(COUNT($B10,I$6)<2,"",0) -> 0 | J10: =IF(COUNT($B10,J$6)<2,"",0) -> 0 | K10: =IF(COUNT($B10,K$6)<2,"",0) -> 0 | ... X10: =IF(COUNT($B10,X$6)<2,"",0) -> 0
A11: 4 | B11: =IF(4<=N,(4-0.5)*dx,"") -> 0.16666667 | D11: =IF(COUNT($B11,D$6)<2,"",0) -> 0 | E11: =IF(COUNT($B11,E$6)<2,"",0) -> 0 | F11: =IF(COUNT($B11,F$6)<2,"",0) -> 0 | G11: =IF(COUNT($B11,G$6)<2,"",0) -> 0 | H11: =IF(COUNT($B11,H$6)<2,"",0) -> 0 | I11: =IF(COUNT($B11,I$6)<2,"",0) -> 0 | J11: =IF(COUNT($B11,J$6)<2,"",0) -> 0 | K11: =IF(COUNT($B11,K$6)<2,"",0) -> 0 | ... X11: =IF(COUNT($B11,X$6)<2,"",0) -> 0
A12: 5 | B12: =IF(5<=N,(5-0.5)*dx,"") -> 0.21428571 | D12: =IF(COUNT($B12,D$6)<2,"",0) -> 0 | E12: =IF(COUNT($B12,E$6)<2,"",0) -> 0 | F12: =IF(COUNT($B12,F$6)<2,"",0) -> 0 | G12: =IF(COUNT($B12,G$6)<2,"",0) -> 0 | H12: =IF(COUNT($B12,H$6)<2,"",0) -> 0 | I12: =IF(COUNT($B12,I$6)<2,"",0) -> 0 | J12: =IF(COUNT($B12,J$6)<2,"",0) -> 0 | K12: =IF(COUNT($B12,K$6)<2,"",0) -> 0 | ... X12: =IF(COUNT($B12,X$6)<2,"",0) -> 0
A13: 6 | B13: =IF(6<=N,(6-0.5)*dx,"") -> 0.26190476 | D13: =IF(COUNT($B13,D$6)<2,"",0) -> 0 | E13: =IF(COUNT($B13,E$6)<2,"",0) -> 0 | F13: =IF(COUNT($B13,F$6)<2,"",0) -> 0 | G13: =IF(COUNT($B13,G$6)<2,"",0) -> 0 | H13: =IF(COUNT($B13,H$6)<2,"",0) -> 0 | I13: =IF(COUNT($B13,I$6)<2,"",0) -> 0 | J13: =IF(COUNT($B13,J$6)<2,"",0) -> 0 | K13: =IF(COUNT($B13,K$6)<2,"",0) -> 0 | ... X13: =IF(COUNT($B13,X$6)<2,"",0) -> 0
A14: 7 | B14: =IF(7<=N,(7-0.5)*dx,"") -> 0.30952381 | D14: =IF(COUNT($B14,D$6)<2,"",0) -> 0 | E14: =IF(COUNT($B14,E$6)<2,"",0) -> 0 | F14: =IF(COUNT($B14,F$6)<2,"",0) -> 0 | G14: =IF(COUNT($B14,G$6)<2,"",0) -> 0 | H14: =IF(COUNT($B14,H$6)<2,"",0) -> 0 | I14: =IF(COUNT($B14,I$6)<2,"",0) -> 0 | J14: =IF(COUNT($B14,J$6)<2,"",0) -> 0 | K14: =IF(COUNT($B14,K$6)<2,"",0) -> 0 | ... X14: =IF(COUNT($B14,X$6)<2,"",0) -> 0
A15: 8 | B15: =IF(8<=N,(8-0.5)*dx,"") -> 0.35714286 | D15: =IF(COUNT($B15,D$6)<2,"",0) -> 0 | E15: =IF(COUNT($B15,E$6)<2,"",0) -> 0 | F15: =IF(COUNT($B15,F$6)<2,"",0) -> 0 | G15: =IF(COUNT($B15,G$6)<2,"",0) -> 0 | H15: =IF(COUNT($B15,H$6)<2,"",0) -> 0 | I15: =IF(COUNT($B15,I$6)<2,"",0) -> 0 | J15: =IF(COUNT($B15,J$6)<2,"",0) -> 0 | K15: =IF(COUNT($B15,K$6)<2,"",0) -> 0 | ... X15: =IF(COUNT($B15,X$6)<2,"",0) -> 0
A16: 9 | B16: =IF(9<=N,(9-0.5)*dx,"") -> 0.4047619 | D16: =IF(COUNT($B16,D$6)<2,"",0) -> 0 | E16: =IF(COUNT($B16,E$6)<2,"",0) -> 0 | F16: =IF(COUNT($B16,F$6)<2,"",0) -> 0 | G16: =IF(COUNT($B16,G$6)<2,"",0) -> 0 | H16: =IF(COUNT($B16,H$6)<2,"",0) -> 0 | I16: =IF(COUNT($B16,I$6)<2,"",0) -> 0 | J16: =IF(COUNT($B16,J$6)<2,"",0) -> 0 | K16: =IF(COUNT($B16,K$6)<2,"",0) -> 0 | ... X16: =IF(COUNT($B16,X$6)<2,"",0) -> 0
A17: 10 | B17: =IF(10<=N,(10-0.5)*dx,"") -> 0.45238095 | D17: =IF(COUNT($B17,D$6)<2,"",0) -> 0 | E17: =IF(COUNT($B17,E$6)<2,"",0) -> 0 | F17: =IF(COUNT($B17,F$6)<2,"",0) -> 0 | G17: =IF(COUNT($B17,G$6)<2,"",0) -> 0 | H17: =IF(COUNT($B17,H$6)<2,"",0) -> 0 | I17: =IF(COUNT($B17,I$6)<2,"",0) -> 0 | J17: =IF(COUNT($B17,J$6)<2,"",0) -> 0 | K17: =IF(COUNT($B17,K$6)<2,"",0) -> 0 | ... X17: =IF(COUNT($B17,X$6)<2,"",0) -> 0
A18: 11 | B18: =IF(11<=N,(11-0.5)*dx,"") -> 0.5 | D18: =IF(COUNT($B18,D$6)<2,"",0) -> 0 | E18: =IF(COUNT($B18,E$6)<2,"",0) -> 0 | F18: =IF(COUNT($B18,F$6)<2,"",0) -> 0 | G18: =IF(COUNT($B18,G$6)<2,"",0) -> 0 | H18: =IF(COUNT($B18,H$6)<2,"",0) -> 0 | I18: =IF(COUNT($B18,I$6)<2,"",0) -> 0 | J18: =IF(COUNT($B18,J$6)<2,"",0) -> 0 | K18: =IF(COUNT($B18,K$6)<2,"",0) -> 0 | ... X18: =IF(COUNT($B18,X$6)<2,"",0) -> 0
A19: 12 | B19: =IF(12<=N,(12-0.5)*dx,"") -> 0.54761905 | D19: =IF(COUNT($B19,D$6)<2,"",0) -> 0 | E19: =IF(COUNT($B19,E$6)<2,"",0) -> 0 | F19: =IF(COUNT($B19,F$6)<2,"",0) -> 0 | G19: =IF(COUNT($B19,G$6)<2,"",0) -> 0 | H19: =IF(COUNT($B19,H$6)<2,"",0) -> 0 | I19: =IF(COUNT($B19,I$6)<2,"",0) -> 0 | J19: =IF(COUNT($B19,J$6)<2,"",0) -> 0 | K19: =IF(COUNT($B19,K$6)<2,"",0) -> 0 | ... X19: =IF(COUNT($B19,X$6)<2,"",0) -> 0
A20: 13 | B20: =IF(13<=N,(13-0.5)*dx,"") -> 0.5952381 | D20: =IF(COUNT($B20,D$6)<2,"",0) -> 0 | E20: =IF(COUNT($B20,E$6)<2,"",0) -> 0 | F20: =IF(COUNT($B20,F$6)<2,"",0) -> 0 | G20: =IF(COUNT($B20,G$6)<2,"",0) -> 0 | H20: =IF(COUNT($B20,H$6)<2,"",0) -> 0 | I20: =IF(COUNT($B20,I$6)<2,"",0) -> 0 | J20: =IF(COUNT($B20,J$6)<2,"",0) -> 0 | K20: =IF(COUNT($B20,K$6)<2,"",0) -> 0 | ... X20: =IF(COUNT($B20,X$6)<2,"",0) -> 0
A21: 14 | B21: =IF(14<=N,(14-0.5)*dx,"") -> 0.64285714 | D21: =IF(COUNT($B21,D$6)<2,"",0) -> 0 | E21: =IF(COUNT($B21,E$6)<2,"",0) -> 0 | F21: =IF(COUNT($B21,F$6)<2,"",0) -> 0 | G21: =IF(COUNT($B21,G$6)<2,"",0) -> 0 | H21: =IF(COUNT($B21,H$6)<2,"",0) -> 0 | I21: =IF(COUNT($B21,I$6)<2,"",0) -> 0 | J21: =IF(COUNT($B21,J$6)<2,"",0) -> 0 | K21: =IF(COUNT($B21,K$6)<2,"",0) -> 0 | ... X21: =IF(COUNT($B21,X$6)<2,"",0) -> 0
A22: 15 | B22: =IF(15<=N,(15-0.5)*dx,"") -> 0.69047619 | D22: =IF(COUNT($B22,D$6)<2,"",0) -> 0 | E22: =IF(COUNT($B22,E$6)<2,"",0) -> 0 | F22: =IF(COUNT($B22,F$6)<2,"",0) -> 0 | G22: =IF(COUNT($B22,G$6)<2,"",0) -> 0 | H22: =IF(COUNT($B22,H$6)<2,"",0) -> 0 | I22: =IF(COUNT($B22,I$6)<2,"",0) -> 0 | J22: =IF(COUNT($B22,J$6)<2,"",0) -> 0 | K22: =IF(COUNT($B22,K$6)<2,"",0) -> 0 | ... X22: =IF(COUNT($B22,X$6)<2,"",0) -> 0
A23: 16 | B23: =IF(16<=N,(16-0.5)*dx,"") -> 0.73809524 | D23: =IF(COUNT($B23,D$6)<2,"",0) -> 0 | E23: =IF(COUNT($B23,E$6)<2,"",0) -> 0 | F23: =IF(COUNT($B23,F$6)<2,"",0) -> 0 | G23: =IF(COUNT($B23,G$6)<2,"",0) -> 0 | H23: =IF(COUNT($B23,H$6)<2,"",0) -> 0 | I23: =IF(COUNT($B23,I$6)<2,"",0) -> 0 | J23: =IF(COUNT($B23,J$6)<2,"",0) -> 0 | K23: =IF(COUNT($B23,K$6)<2,"",0) -> 0 | ... X23: =IF(COUNT($B23,X$6)<2,"",0) -> 0
A24: 17 | B24: =IF(17<=N,(17-0.5)*dx,"") -> 0.78571429 | D24: =IF(COUNT($B24,D$6)<2,"",0) -> 0 | E24: =IF(COUNT($B24,E$6)<2,"",0) -> 0 | F24: =IF(COUNT($B24,F$6)<2,"",0) -> 0 | G24: =IF(COUNT($B24,G$6)<2,"",0) -> 0 | H24: =IF(COUNT($B24,H$6)<2,"",0) -> 0 | I24: =IF(COUNT($B24,I$6)<2,"",0) -> 0 | J24: =IF(COUNT($B24,J$6)<2,"",0) -> 0 | K24: =IF(COUNT($B24,K$6)<2,"",0) -> 0 | ... X24: =IF(COUNT($B24,X$6)<2,"",0) -> 0
A25: 18 | B25: =IF(18<=N,(18-0.5)*dx,"") -> 0.83333333 | D25: =IF(COUNT($B25,D$6)<2,"",0) -> 0 | E25: =IF(COUNT($B25,E$6)<2,"",0) -> 0 | F25: =IF(COUNT($B25,F$6)<2,"",0) -> 0 | G25: =IF(COUNT($B25,G$6)<2,"",0) -> 0 | H25: =IF(COUNT($B25,H$6)<2,"",0) -> 0 | I25: =IF(COUNT($B25,I$6)<2,"",0) -> 0 | J25: =IF(COUNT($B25,J$6)<2,"",0) -> 0 | K25: =IF(COUNT($B25,K$6)<2,"",0) -> 0 | ... X25: =IF(COUNT($B25,X$6)<2,"",0) -> 0
A26: 19 | B26: =IF(19<=N,(19-0.5)*dx,"") -> 0.88095238 | D26: =IF(COUNT($B26,D$6)<2,"",0) -> 0 | E26: =IF(COUNT($B26,E$6)<2,"",0) -> 0 | F26: =IF(COUNT($B26,F$6)<2,"",0) -> 0 | G26: =IF(COUNT($B26,G$6)<2,"",0) -> 0 | H26: =IF(COUNT($B26,H$6)<2,"",0) -> 0 | I26: =IF(COUNT($B26,I$6)<2,"",0) -> 0 | J26: =IF(COUNT($B26,J$6)<2,"",0) -> 0 | K26: =IF(COUNT($B26,K$6)<2,"",0) -> 0 | ... X26: =IF(COUNT($B26,X$6)<2,"",0) -> 0
A27: 20 | B27: =IF(20<=N,(20-0.5)*dx,"") -> 0.92857143 | D27: =IF(COUNT($B27,D$6)<2,"",0) -> 0 | E27: =IF(COUNT($B27,E$6)<2,"",0) -> 0 | F27: =IF(COUNT($B27,F$6)<2,"",0) -> 0 | G27: =IF(COUNT($B27,G$6)<2,"",0) -> 0 | H27: =IF(COUNT($B27,H$6)<2,"",0) -> 0 | I27: =IF(COUNT($B27,I$6)<2,"",0) -> 0 | J27: =IF(COUNT($B27,J$6)<2,"",0) -> 0 | K27: =IF(COUNT($B27,K$6)<2,"",0) -> 0 | ... X27: =IF(COUNT($B27,X$6)<2,"",0) -> 0
A28: 21 | B28: =IF(21<=N,(21-0.5)*dx,"") -> 0.97619048 | D28: =IF(COUNT($B28,D$6)<2,"",0) -> 0 | E28: =IF(COUNT($B28,E$6)<2,"",0) -> 0 | F28: =IF(COUNT($B28,F$6)<2,"",0) -> 0 | G28: =IF(COUNT($B28,G$6)<2,"",0) -> 0 | H28: =IF(COUNT($B28,H$6)<2,"",0) -> 0 | I28: =IF(COUNT($B28,I$6)<2,"",0) -> 0 | J28: =IF(COUNT($B28,J$6)<2,"",0) -> 0 | K28: =IF(COUNT($B28,K$6)<2,"",0) -> 0 | ... X28: =IF(COUNT($B28,X$6)<2,"",0) -> 0
A32: Exact divergence of field B, equation (15) [1/s]
A33: i | D33: 1 | E33: 2 | F33: 3 | G33: 4 | H33: 5 | I33: 6 | J33: 7 | K33: 8 | L33: 9 | M33: 10 | N33: 11 | O33: 12 | P33: 13 | Q33: 14 | R33: 15 | S33: 16 | T33: 17 | U33: 18 | V33: 19 | W33: 20 | X33: 21
A34: x [m] | D34: =IF(1<=N,(1-0.5)*dx,"") -> 0.023809524 | E34: =IF(2<=N,(2-0.5)*dx,"") -> 0.071428571 | F34: =IF(3<=N,(3-0.5)*dx,"") -> 0.11904762 | G34: =IF(4<=N,(4-0.5)*dx,"") -> 0.16666667 | H34: =IF(5<=N,(5-0.5)*dx,"") -> 0.21428571 | I34: =IF(6<=N,(6-0.5)*dx,"") -> 0.26190476 | J34: =IF(7<=N,(7-0.5)*dx,"") -> 0.30952381 | K34: =IF(8<=N,(8-0.5)*dx,"") -> 0.35714286 | L34: =IF(9<=N,(9-0.5)*dx,"") -> 0.4047619 | M34: =IF(10<=N,(10-0.5)*dx,"") -> 0.45238095 | N34: =IF(11<=N,(11-0.5)*dx,"") -> 0.5 | O34: =IF(12<=N,(12-0.5)*dx,"") -> 0.54761905 | P34: =IF(13<=N,(13-0.5)*dx,"") -> 0.5952381 | Q34: =IF(14<=N,(14-0.5)*dx,"") -> 0.64285714 | R34: =IF(15<=N,(15-0.5)*dx,"") -> 0.69047619 | S34: =IF(16<=N,(16-0.5)*dx,"") -> 0.73809524 | T34: =IF(17<=N,(17-0.5)*dx,"") -> 0.78571429 | U34: =IF(18<=N,(18-0.5)*dx,"") -> 0.83333333 | V34: =IF(19<=N,(19-0.5)*dx,"") -> 0.88095238 | W34: =IF(20<=N,(20-0.5)*dx,"") -> 0.92857143 | X34: =IF(21<=N,(21-0.5)*dx,"") -> 0.97619048
A35: j | B35: y [m]
A36: 1 | B36: =IF(1<=N,(1-0.5)*dx,"") -> 0.023809524 | D36: =IF(COUNT($B36,D$34)<2,"",(PI()*U0/L)*COS(PI()*D$34/L)*SIN(PI()*$B36/L)) -> 0.23411504 | E36: =IF(COUNT($B36,E$34)<2,"",(PI()*U0/L)*COS(PI()*E$34/L)*SIN(PI()*$B36/L)) -> 0.2288853 | F36: =IF(COUNT($B36,F$34)<2,"",(PI()*U0/L)*COS(PI()*F$34/L)*SIN(PI()*$B36/L)) -> 0.21854264 | G36: =IF(COUNT($B36,G$34)<2,"",(PI()*U0/L)*COS(PI()*G$34/L)*SIN(PI()*$B36/L)) -> 0.20331809 | H36: =IF(COUNT($B36,H$34)<2,"",(PI()*U0/L)*COS(PI()*H$34/L)*SIN(PI()*$B36/L)) -> 0.18355176 | I36: =IF(COUNT($B36,I$34)<2,"",(PI()*U0/L)*COS(PI()*I$34/L)*SIN(PI()*$B36/L)) -> 0.15968518 | J36: =IF(COUNT($B36,J$34)<2,"",(PI()*U0/L)*COS(PI()*J$34/L)*SIN(PI()*$B36/L)) -> 0.1322515 | K36: =IF(COUNT($B36,K$34)<2,"",(PI()*U0/L)*COS(PI()*K$34/L)*SIN(PI()*$B36/L)) -> 0.10186354 | ... X36: =IF(COUNT($B36,X$34)<2,"",(PI()*U0/L)*COS(PI()*X$34/L)*SIN(PI()*$B36/L)) -> -0.23411504
A37: 2 | B37: =IF(2<=N,(2-0.5)*dx,"") -> 0.071428571 | D37: =IF(COUNT($B37,D$34)<2,"",(PI()*U0/L)*COS(PI()*D$34/L)*SIN(PI()*$B37/L)) -> 0.69711539 | E37: =IF(COUNT($B37,E$34)<2,"",(PI()*U0/L)*COS(PI()*E$34/L)*SIN(PI()*$B37/L)) -> 0.68154298 | F37: =IF(COUNT($B37,F$34)<2,"",(PI()*U0/L)*COS(PI()*F$34/L)*SIN(PI()*$B37/L)) -> 0.65074603 | G37: =IF(COUNT($B37,G$34)<2,"",(PI()*U0/L)*COS(PI()*G$34/L)*SIN(PI()*$B37/L)) -> 0.60541249 | H37: =IF(COUNT($B37,H$34)<2,"",(PI()*U0/L)*COS(PI()*H$34/L)*SIN(PI()*$B37/L)) -> 0.54655504 | I37: =IF(COUNT($B37,I$34)<2,"",(PI()*U0/L)*COS(PI()*I$34/L)*SIN(PI()*$B37/L)) -> 0.47548845 | J37: =IF(COUNT($B37,J$34)<2,"",(PI()*U0/L)*COS(PI()*J$34/L)*SIN(PI()*$B37/L)) -> 0.39380023 | K37: =IF(COUNT($B37,K$34)<2,"",(PI()*U0/L)*COS(PI()*K$34/L)*SIN(PI()*$B37/L)) -> 0.30331516 | ... X37: =IF(COUNT($B37,X$34)<2,"",(PI()*U0/L)*COS(PI()*X$34/L)*SIN(PI()*$B37/L)) -> -0.69711539
A38: 3 | B38: =IF(3<=N,(3-0.5)*dx,"") -> 0.11904762 | D38: =IF(COUNT($B38,D$34)<2,"",(PI()*U0/L)*COS(PI()*D$34/L)*SIN(PI()*$B38/L)) -> 1.1445433 | E38: =IF(COUNT($B38,E$34)<2,"",(PI()*U0/L)*COS(PI()*E$34/L)*SIN(PI()*$B38/L)) -> 1.1189761 | F38: =IF(COUNT($B38,F$34)<2,"",(PI()*U0/L)*COS(PI()*F$34/L)*SIN(PI()*$B38/L)) -> 1.0684128 | G38: =IF(COUNT($B38,G$34)<2,"",(PI()*U0/L)*COS(PI()*G$34/L)*SIN(PI()*$B38/L)) -> 0.99398298 | H38: =IF(COUNT($B38,H$34)<2,"",(PI()*U0/L)*COS(PI()*H$34/L)*SIN(PI()*$B38/L)) -> 0.89734918 | I38: =IF(COUNT($B38,I$34)<2,"",(PI()*U0/L)*COS(PI()*I$34/L)*SIN(PI()*$B38/L)) -> 0.78067008 | J38: =IF(COUNT($B38,J$34)<2,"",(PI()*U0/L)*COS(PI()*J$34/L)*SIN(PI()*$B38/L)) -> 0.64655211 | K38: =IF(COUNT($B38,K$34)<2,"",(PI()*U0/L)*COS(PI()*K$34/L)*SIN(PI()*$B38/L)) -> 0.49799122 | ... X38: =IF(COUNT($B38,X$34)<2,"",(PI()*U0/L)*COS(PI()*X$34/L)*SIN(PI()*$B38/L)) -> -1.1445433
A39: 4 | B39: =IF(4<=N,(4-0.5)*dx,"") -> 0.16666667 | D39: =IF(COUNT($B39,D$34)<2,"",(PI()*U0/L)*COS(PI()*D$34/L)*SIN(PI()*$B39/L)) -> 1.5664041 | E39: =IF(COUNT($B39,E$34)<2,"",(PI()*U0/L)*COS(PI()*E$34/L)*SIN(PI()*$B39/L)) -> 1.5314132 | F39: =IF(COUNT($B39,F$34)<2,"",(PI()*U0/L)*COS(PI()*F$34/L)*SIN(PI()*$B39/L)) -> 1.4622131 | G39: =IF(COUNT($B39,G$34)<2,"",(PI()*U0/L)*COS(PI()*G$34/L)*SIN(PI()*$B39/L)) -> 1.3603495 | H39: =IF(COUNT($B39,H$34)<2,"",(PI()*U0/L)*COS(PI()*H$34/L)*SIN(PI()*$B39/L)) -> 1.228098 | I39: =IF(COUNT($B39,I$34)<2,"",(PI()*U0/L)*COS(PI()*I$34/L)*SIN(PI()*$B39/L)) -> 1.0684128 | J39: =IF(COUNT($B39,J$34)<2,"",(PI()*U0/L)*COS(PI()*J$34/L)*SIN(PI()*$B39/L)) -> 0.88486108 | K39: =IF(COUNT($B39,K$34)<2,"",(PI()*U0/L)*COS(PI()*K$34/L)*SIN(PI()*$B39/L)) -> 0.68154298 | ... X39: =IF(COUNT($B39,X$34)<2,"",(PI()*U0/L)*COS(PI()*X$34/L)*SIN(PI()*$B39/L)) -> -1.5664041
A40: 5 | B40: =IF(5<=N,(5-0.5)*dx,"") -> 0.21428571 | D40: =IF(COUNT($B40,D$34)<2,"",(PI()*U0/L)*COS(PI()*D$34/L)*SIN(PI()*$B40/L)) -> 1.9532739 | E40: =IF(COUNT($B40,E$34)<2,"",(PI()*U0/L)*COS(PI()*E$34/L)*SIN(PI()*$B40/L)) -> 1.909641 | F40: =IF(COUNT($B40,F$34)<2,"",(PI()*U0/L)*COS(PI()*F$34/L)*SIN(PI()*$B40/L)) -> 1.8233499 | G40: =IF(COUNT($B40,G$34)<2,"",(PI()*U0/L)*COS(PI()*G$34/L)*SIN(PI()*$B40/L)) -> 1.6963281 | H40: =IF(COUNT($B40,H$34)<2,"",(PI()*U0/L)*COS(PI()*H$34/L)*SIN(PI()*$B40/L)) -> 1.5314132 | I40: =IF(COUNT($B40,I$34)<2,"",(PI()*U0/L)*COS(PI()*I$34/L)*SIN(PI()*$B40/L)) -> 1.332289 | J40: =IF(COUNT($B40,J$34)<2,"",(PI()*U0/L)*COS(PI()*J$34/L)*SIN(PI()*$B40/L)) -> 1.1034037 | K40: =IF(COUNT($B40,K$34)<2,"",(PI()*U0/L)*COS(PI()*K$34/L)*SIN(PI()*$B40/L)) -> 0.8498702 | ... X40: =IF(COUNT($B40,X$34)<2,"",(PI()*U0/L)*COS(PI()*X$34/L)*SIN(PI()*$B40/L)) -> -1.9532739
A41: 6 | B41: =IF(6<=N,(6-0.5)*dx,"") -> 0.26190476 | D41: =IF(COUNT($B41,D$34)<2,"",(PI()*U0/L)*COS(PI()*D$34/L)*SIN(PI()*$B41/L)) -> 2.2965109 | E41: =IF(COUNT($B41,E$34)<2,"",(PI()*U0/L)*COS(PI()*E$34/L)*SIN(PI()*$B41/L)) -> 2.2452106 | F41: =IF(COUNT($B41,F$34)<2,"",(PI()*U0/L)*COS(PI()*F$34/L)*SIN(PI()*$B41/L)) -> 2.143756 | G41: =IF(COUNT($B41,G$34)<2,"",(PI()*U0/L)*COS(PI()*G$34/L)*SIN(PI()*$B41/L)) -> 1.9944135 | H41: =IF(COUNT($B41,H$34)<2,"",(PI()*U0/L)*COS(PI()*H$34/L)*SIN(PI()*$B41/L)) -> 1.8005191 | I41: =IF(COUNT($B41,I$34)<2,"",(PI()*U0/L)*COS(PI()*I$34/L)*SIN(PI()*$B41/L)) -> 1.5664041 | J41: =IF(COUNT($B41,J$34)<2,"",(PI()*U0/L)*COS(PI()*J$34/L)*SIN(PI()*$B41/L)) -> 1.2972981 | K41: =IF(COUNT($B41,K$34)<2,"",(PI()*U0/L)*COS(PI()*K$34/L)*SIN(PI()*$B41/L)) -> 0.99921272 | ... X41: =IF(COUNT($B41,X$34)<2,"",(PI()*U0/L)*COS(PI()*X$34/L)*SIN(PI()*$B41/L)) -> -2.2965109
A42: 7 | B42: =IF(7<=N,(7-0.5)*dx,"") -> 0.30952381 | D42: =IF(COUNT($B42,D$34)<2,"",(PI()*U0/L)*COS(PI()*D$34/L)*SIN(PI()*$B42/L)) -> 2.5884475 | E42: =IF(COUNT($B42,E$34)<2,"",(PI()*U0/L)*COS(PI()*E$34/L)*SIN(PI()*$B42/L)) -> 2.5306259 | F42: =IF(COUNT($B42,F$34)<2,"",(PI()*U0/L)*COS(PI()*F$34/L)*SIN(PI()*$B42/L)) -> 2.4162743 | G42: =IF(COUNT($B42,G$34)<2,"",(PI()*U0/L)*COS(PI()*G$34/L)*SIN(PI()*$B42/L)) -> 2.247947 | H42: =IF(COUNT($B42,H$34)<2,"",(PI()*U0/L)*COS(PI()*H$34/L)*SIN(PI()*$B42/L)) -> 2.0294044 | I42: =IF(COUNT($B42,I$34)<2,"",(PI()*U0/L)*COS(PI()*I$34/L)*SIN(PI()*$B42/L)) -> 1.7655282 | J42: =IF(COUNT($B42,J$34)<2,"",(PI()*U0/L)*COS(PI()*J$34/L)*SIN(PI()*$B42/L)) -> 1.4622131 | K42: =IF(COUNT($B42,K$34)<2,"",(PI()*U0/L)*COS(PI()*K$34/L)*SIN(PI()*$B42/L)) -> 1.1262345 | ... X42: =IF(COUNT($B42,X$34)<2,"",(PI()*U0/L)*COS(PI()*X$34/L)*SIN(PI()*$B42/L)) -> -2.5884475
A43: 8 | B43: =IF(8<=N,(8-0.5)*dx,"") -> 0.35714286 | D43: =IF(COUNT($B43,D$34)<2,"",(PI()*U0/L)*COS(PI()*D$34/L)*SIN(PI()*$B43/L)) -> 2.8225626 | E43: =IF(COUNT($B43,E$34)<2,"",(PI()*U0/L)*COS(PI()*E$34/L)*SIN(PI()*$B43/L)) -> 2.7595112 | F43: =IF(COUNT($B43,F$34)<2,"",(PI()*U0/L)*COS(PI()*F$34/L)*SIN(PI()*$B43/L)) -> 2.6348169 | G43: =IF(COUNT($B43,G$34)<2,"",(PI()*U0/L)*COS(PI()*G$34/L)*SIN(PI()*$B43/L)) -> 2.4512651 | H43: =IF(COUNT($B43,H$34)<2,"",(PI()*U0/L)*COS(PI()*H$34/L)*SIN(PI()*$B43/L)) -> 2.2129562 | I43: =IF(COUNT($B43,I$34)<2,"",(PI()*U0/L)*COS(PI()*I$34/L)*SIN(PI()*$B43/L)) -> 1.9252134 | J43: =IF(COUNT($B43,J$34)<2,"",(PI()*U0/L)*COS(PI()*J$34/L)*SIN(PI()*$B43/L)) -> 1.5944646 | K43: =IF(COUNT($B43,K$34)<2,"",(PI()*U0/L)*COS(PI()*K$34/L)*SIN(PI()*$B43/L)) -> 1.228098 | ... X43: =IF(COUNT($B43,X$34)<2,"",(PI()*U0/L)*COS(PI()*X$34/L)*SIN(PI()*$B43/L)) -> -2.8225626
A44: 9 | B44: =IF(9<=N,(9-0.5)*dx,"") -> 0.4047619 | D44: =IF(COUNT($B44,D$34)<2,"",(PI()*U0/L)*COS(PI()*D$34/L)*SIN(PI()*$B44/L)) -> 2.9936262 | E44: =IF(COUNT($B44,E$34)<2,"",(PI()*U0/L)*COS(PI()*E$34/L)*SIN(PI()*$B44/L)) -> 2.9267536 | F44: =IF(COUNT($B44,F$34)<2,"",(PI()*U0/L)*COS(PI()*F$34/L)*SIN(PI()*$B44/L)) -> 2.7945021 | G44: =IF(COUNT($B44,G$34)<2,"",(PI()*U0/L)*COS(PI()*G$34/L)*SIN(PI()*$B44/L)) -> 2.599826 | H44: =IF(COUNT($B44,H$34)<2,"",(PI()*U0/L)*COS(PI()*H$34/L)*SIN(PI()*$B44/L)) -> 2.3470741 | I44: =IF(COUNT($B44,I$34)<2,"",(PI()*U0/L)*COS(PI()*I$34/L)*SIN(PI()*$B44/L)) -> 2.0418925 | J44: =IF(COUNT($B44,J$34)<2,"",(PI()*U0/L)*COS(PI()*J$34/L)*SIN(PI()*$B44/L)) -> 1.6910984 | K44: =IF(COUNT($B44,K$34)<2,"",(PI()*U0/L)*COS(PI()*K$34/L)*SIN(PI()*$B44/L)) -> 1.3025279 | ... X44: =IF(COUNT($B44,X$34)<2,"",(PI()*U0/L)*COS(PI()*X$34/L)*SIN(PI()*$B44/L)) -> -2.9936262
A45: 10 | B45: =IF(10<=N,(10-0.5)*dx,"") -> 0.45238095 | D45: =IF(COUNT($B45,D$34)<2,"",(PI()*U0/L)*COS(PI()*D$34/L)*SIN(PI()*$B45/L)) -> 3.0978172 | E45: =IF(COUNT($B45,E$34)<2,"",(PI()*U0/L)*COS(PI()*E$34/L)*SIN(PI()*$B45/L)) -> 3.0286171 | F45: =IF(COUNT($B45,F$34)<2,"",(PI()*U0/L)*COS(PI()*F$34/L)*SIN(PI()*$B45/L)) -> 2.8917627 | G45: =IF(COUNT($B45,G$34)<2,"",(PI()*U0/L)*COS(PI()*G$34/L)*SIN(PI()*$B45/L)) -> 2.6903111 | H45: =IF(COUNT($B45,H$34)<2,"",(PI()*U0/L)*COS(PI()*H$34/L)*SIN(PI()*$B45/L)) -> 2.4287624 | I45: =IF(COUNT($B45,I$34)<2,"",(PI()*U0/L)*COS(PI()*I$34/L)*SIN(PI()*$B45/L)) -> 2.1129591 | J45: =IF(COUNT($B45,J$34)<2,"",(PI()*U0/L)*COS(PI()*J$34/L)*SIN(PI()*$B45/L)) -> 1.7499558 | K45: =IF(COUNT($B45,K$34)<2,"",(PI()*U0/L)*COS(PI()*K$34/L)*SIN(PI()*$B45/L)) -> 1.3478614 | ... X45: =IF(COUNT($B45,X$34)<2,"",(PI()*U0/L)*COS(PI()*X$34/L)*SIN(PI()*$B45/L)) -> -3.0978172
A46: 11 | B46: =IF(11<=N,(11-0.5)*dx,"") -> 0.5 | D46: =IF(COUNT($B46,D$34)<2,"",(PI()*U0/L)*COS(PI()*D$34/L)*SIN(PI()*$B46/L)) -> 3.1328081 | E46: =IF(COUNT($B46,E$34)<2,"",(PI()*U0/L)*COS(PI()*E$34/L)*SIN(PI()*$B46/L)) -> 3.0628264 | F46: =IF(COUNT($B46,F$34)<2,"",(PI()*U0/L)*COS(PI()*F$34/L)*SIN(PI()*$B46/L)) -> 2.9244261 | G46: =IF(COUNT($B46,G$34)<2,"",(PI()*U0/L)*COS(PI()*G$34/L)*SIN(PI()*$B46/L)) -> 2.720699 | H46: =IF(COUNT($B46,H$34)<2,"",(PI()*U0/L)*COS(PI()*H$34/L)*SIN(PI()*$B46/L)) -> 2.456196 | I46: =IF(COUNT($B46,I$34)<2,"",(PI()*U0/L)*COS(PI()*I$34/L)*SIN(PI()*$B46/L)) -> 2.1368257 | J46: =IF(COUNT($B46,J$34)<2,"",(PI()*U0/L)*COS(PI()*J$34/L)*SIN(PI()*$B46/L)) -> 1.7697222 | K46: =IF(COUNT($B46,K$34)<2,"",(PI()*U0/L)*COS(PI()*K$34/L)*SIN(PI()*$B46/L)) -> 1.363086 | ... X46: =IF(COUNT($B46,X$34)<2,"",(PI()*U0/L)*COS(PI()*X$34/L)*SIN(PI()*$B46/L)) -> -3.1328081
A47: 12 | B47: =IF(12<=N,(12-0.5)*dx,"") -> 0.54761905 | D47: =IF(COUNT($B47,D$34)<2,"",(PI()*U0/L)*COS(PI()*D$34/L)*SIN(PI()*$B47/L)) -> 3.0978172 | E47: =IF(COUNT($B47,E$34)<2,"",(PI()*U0/L)*COS(PI()*E$34/L)*SIN(PI()*$B47/L)) -> 3.0286171 | F47: =IF(COUNT($B47,F$34)<2,"",(PI()*U0/L)*COS(PI()*F$34/L)*SIN(PI()*$B47/L)) -> 2.8917627 | G47: =IF(COUNT($B47,G$34)<2,"",(PI()*U0/L)*COS(PI()*G$34/L)*SIN(PI()*$B47/L)) -> 2.6903111 | H47: =IF(COUNT($B47,H$34)<2,"",(PI()*U0/L)*COS(PI()*H$34/L)*SIN(PI()*$B47/L)) -> 2.4287624 | I47: =IF(COUNT($B47,I$34)<2,"",(PI()*U0/L)*COS(PI()*I$34/L)*SIN(PI()*$B47/L)) -> 2.1129591 | J47: =IF(COUNT($B47,J$34)<2,"",(PI()*U0/L)*COS(PI()*J$34/L)*SIN(PI()*$B47/L)) -> 1.7499558 | K47: =IF(COUNT($B47,K$34)<2,"",(PI()*U0/L)*COS(PI()*K$34/L)*SIN(PI()*$B47/L)) -> 1.3478614 | ... X47: =IF(COUNT($B47,X$34)<2,"",(PI()*U0/L)*COS(PI()*X$34/L)*SIN(PI()*$B47/L)) -> -3.0978172
A48: 13 | B48: =IF(13<=N,(13-0.5)*dx,"") -> 0.5952381 | D48: =IF(COUNT($B48,D$34)<2,"",(PI()*U0/L)*COS(PI()*D$34/L)*SIN(PI()*$B48/L)) -> 2.9936262 | E48: =IF(COUNT($B48,E$34)<2,"",(PI()*U0/L)*COS(PI()*E$34/L)*SIN(PI()*$B48/L)) -> 2.9267536 | F48: =IF(COUNT($B48,F$34)<2,"",(PI()*U0/L)*COS(PI()*F$34/L)*SIN(PI()*$B48/L)) -> 2.7945021 | G48: =IF(COUNT($B48,G$34)<2,"",(PI()*U0/L)*COS(PI()*G$34/L)*SIN(PI()*$B48/L)) -> 2.599826 | H48: =IF(COUNT($B48,H$34)<2,"",(PI()*U0/L)*COS(PI()*H$34/L)*SIN(PI()*$B48/L)) -> 2.3470741 | I48: =IF(COUNT($B48,I$34)<2,"",(PI()*U0/L)*COS(PI()*I$34/L)*SIN(PI()*$B48/L)) -> 2.0418925 | J48: =IF(COUNT($B48,J$34)<2,"",(PI()*U0/L)*COS(PI()*J$34/L)*SIN(PI()*$B48/L)) -> 1.6910984 | K48: =IF(COUNT($B48,K$34)<2,"",(PI()*U0/L)*COS(PI()*K$34/L)*SIN(PI()*$B48/L)) -> 1.3025279 | ... X48: =IF(COUNT($B48,X$34)<2,"",(PI()*U0/L)*COS(PI()*X$34/L)*SIN(PI()*$B48/L)) -> -2.9936262
A49: 14 | B49: =IF(14<=N,(14-0.5)*dx,"") -> 0.64285714 | D49: =IF(COUNT($B49,D$34)<2,"",(PI()*U0/L)*COS(PI()*D$34/L)*SIN(PI()*$B49/L)) -> 2.8225626 | E49: =IF(COUNT($B49,E$34)<2,"",(PI()*U0/L)*COS(PI()*E$34/L)*SIN(PI()*$B49/L)) -> 2.7595112 | F49: =IF(COUNT($B49,F$34)<2,"",(PI()*U0/L)*COS(PI()*F$34/L)*SIN(PI()*$B49/L)) -> 2.6348169 | G49: =IF(COUNT($B49,G$34)<2,"",(PI()*U0/L)*COS(PI()*G$34/L)*SIN(PI()*$B49/L)) -> 2.4512651 | H49: =IF(COUNT($B49,H$34)<2,"",(PI()*U0/L)*COS(PI()*H$34/L)*SIN(PI()*$B49/L)) -> 2.2129562 | I49: =IF(COUNT($B49,I$34)<2,"",(PI()*U0/L)*COS(PI()*I$34/L)*SIN(PI()*$B49/L)) -> 1.9252134 | J49: =IF(COUNT($B49,J$34)<2,"",(PI()*U0/L)*COS(PI()*J$34/L)*SIN(PI()*$B49/L)) -> 1.5944646 | K49: =IF(COUNT($B49,K$34)<2,"",(PI()*U0/L)*COS(PI()*K$34/L)*SIN(PI()*$B49/L)) -> 1.228098 | ... X49: =IF(COUNT($B49,X$34)<2,"",(PI()*U0/L)*COS(PI()*X$34/L)*SIN(PI()*$B49/L)) -> -2.8225626
A50: 15 | B50: =IF(15<=N,(15-0.5)*dx,"") -> 0.69047619 | D50: =IF(COUNT($B50,D$34)<2,"",(PI()*U0/L)*COS(PI()*D$34/L)*SIN(PI()*$B50/L)) -> 2.5884475 | E50: =IF(COUNT($B50,E$34)<2,"",(PI()*U0/L)*COS(PI()*E$34/L)*SIN(PI()*$B50/L)) -> 2.5306259 | F50: =IF(COUNT($B50,F$34)<2,"",(PI()*U0/L)*COS(PI()*F$34/L)*SIN(PI()*$B50/L)) -> 2.4162743 | G50: =IF(COUNT($B50,G$34)<2,"",(PI()*U0/L)*COS(PI()*G$34/L)*SIN(PI()*$B50/L)) -> 2.247947 | H50: =IF(COUNT($B50,H$34)<2,"",(PI()*U0/L)*COS(PI()*H$34/L)*SIN(PI()*$B50/L)) -> 2.0294044 | I50: =IF(COUNT($B50,I$34)<2,"",(PI()*U0/L)*COS(PI()*I$34/L)*SIN(PI()*$B50/L)) -> 1.7655282 | J50: =IF(COUNT($B50,J$34)<2,"",(PI()*U0/L)*COS(PI()*J$34/L)*SIN(PI()*$B50/L)) -> 1.4622131 | K50: =IF(COUNT($B50,K$34)<2,"",(PI()*U0/L)*COS(PI()*K$34/L)*SIN(PI()*$B50/L)) -> 1.1262345 | ... X50: =IF(COUNT($B50,X$34)<2,"",(PI()*U0/L)*COS(PI()*X$34/L)*SIN(PI()*$B50/L)) -> -2.5884475
A51: 16 | B51: =IF(16<=N,(16-0.5)*dx,"") -> 0.73809524 | D51: =IF(COUNT($B51,D$34)<2,"",(PI()*U0/L)*COS(PI()*D$34/L)*SIN(PI()*$B51/L)) -> 2.2965109 | E51: =IF(COUNT($B51,E$34)<2,"",(PI()*U0/L)*COS(PI()*E$34/L)*SIN(PI()*$B51/L)) -> 2.2452106 | F51: =IF(COUNT($B51,F$34)<2,"",(PI()*U0/L)*COS(PI()*F$34/L)*SIN(PI()*$B51/L)) -> 2.143756 | G51: =IF(COUNT($B51,G$34)<2,"",(PI()*U0/L)*COS(PI()*G$34/L)*SIN(PI()*$B51/L)) -> 1.9944135 | H51: =IF(COUNT($B51,H$34)<2,"",(PI()*U0/L)*COS(PI()*H$34/L)*SIN(PI()*$B51/L)) -> 1.8005191 | I51: =IF(COUNT($B51,I$34)<2,"",(PI()*U0/L)*COS(PI()*I$34/L)*SIN(PI()*$B51/L)) -> 1.5664041 | J51: =IF(COUNT($B51,J$34)<2,"",(PI()*U0/L)*COS(PI()*J$34/L)*SIN(PI()*$B51/L)) -> 1.2972981 | K51: =IF(COUNT($B51,K$34)<2,"",(PI()*U0/L)*COS(PI()*K$34/L)*SIN(PI()*$B51/L)) -> 0.99921272 | ... X51: =IF(COUNT($B51,X$34)<2,"",(PI()*U0/L)*COS(PI()*X$34/L)*SIN(PI()*$B51/L)) -> -2.2965109
A52: 17 | B52: =IF(17<=N,(17-0.5)*dx,"") -> 0.78571429 | D52: =IF(COUNT($B52,D$34)<2,"",(PI()*U0/L)*COS(PI()*D$34/L)*SIN(PI()*$B52/L)) -> 1.9532739 | E52: =IF(COUNT($B52,E$34)<2,"",(PI()*U0/L)*COS(PI()*E$34/L)*SIN(PI()*$B52/L)) -> 1.909641 | F52: =IF(COUNT($B52,F$34)<2,"",(PI()*U0/L)*COS(PI()*F$34/L)*SIN(PI()*$B52/L)) -> 1.8233499 | G52: =IF(COUNT($B52,G$34)<2,"",(PI()*U0/L)*COS(PI()*G$34/L)*SIN(PI()*$B52/L)) -> 1.6963281 | H52: =IF(COUNT($B52,H$34)<2,"",(PI()*U0/L)*COS(PI()*H$34/L)*SIN(PI()*$B52/L)) -> 1.5314132 | I52: =IF(COUNT($B52,I$34)<2,"",(PI()*U0/L)*COS(PI()*I$34/L)*SIN(PI()*$B52/L)) -> 1.332289 | J52: =IF(COUNT($B52,J$34)<2,"",(PI()*U0/L)*COS(PI()*J$34/L)*SIN(PI()*$B52/L)) -> 1.1034037 | K52: =IF(COUNT($B52,K$34)<2,"",(PI()*U0/L)*COS(PI()*K$34/L)*SIN(PI()*$B52/L)) -> 0.8498702 | ... X52: =IF(COUNT($B52,X$34)<2,"",(PI()*U0/L)*COS(PI()*X$34/L)*SIN(PI()*$B52/L)) -> -1.9532739
A53: 18 | B53: =IF(18<=N,(18-0.5)*dx,"") -> 0.83333333 | D53: =IF(COUNT($B53,D$34)<2,"",(PI()*U0/L)*COS(PI()*D$34/L)*SIN(PI()*$B53/L)) -> 1.5664041 | E53: =IF(COUNT($B53,E$34)<2,"",(PI()*U0/L)*COS(PI()*E$34/L)*SIN(PI()*$B53/L)) -> 1.5314132 | F53: =IF(COUNT($B53,F$34)<2,"",(PI()*U0/L)*COS(PI()*F$34/L)*SIN(PI()*$B53/L)) -> 1.4622131 | G53: =IF(COUNT($B53,G$34)<2,"",(PI()*U0/L)*COS(PI()*G$34/L)*SIN(PI()*$B53/L)) -> 1.3603495 | H53: =IF(COUNT($B53,H$34)<2,"",(PI()*U0/L)*COS(PI()*H$34/L)*SIN(PI()*$B53/L)) -> 1.228098 | I53: =IF(COUNT($B53,I$34)<2,"",(PI()*U0/L)*COS(PI()*I$34/L)*SIN(PI()*$B53/L)) -> 1.0684128 | J53: =IF(COUNT($B53,J$34)<2,"",(PI()*U0/L)*COS(PI()*J$34/L)*SIN(PI()*$B53/L)) -> 0.88486108 | K53: =IF(COUNT($B53,K$34)<2,"",(PI()*U0/L)*COS(PI()*K$34/L)*SIN(PI()*$B53/L)) -> 0.68154298 | ... X53: =IF(COUNT($B53,X$34)<2,"",(PI()*U0/L)*COS(PI()*X$34/L)*SIN(PI()*$B53/L)) -> -1.5664041
A54: 19 | B54: =IF(19<=N,(19-0.5)*dx,"") -> 0.88095238 | D54: =IF(COUNT($B54,D$34)<2,"",(PI()*U0/L)*COS(PI()*D$34/L)*SIN(PI()*$B54/L)) -> 1.1445433 | E54: =IF(COUNT($B54,E$34)<2,"",(PI()*U0/L)*COS(PI()*E$34/L)*SIN(PI()*$B54/L)) -> 1.1189761 | F54: =IF(COUNT($B54,F$34)<2,"",(PI()*U0/L)*COS(PI()*F$34/L)*SIN(PI()*$B54/L)) -> 1.0684128 | G54: =IF(COUNT($B54,G$34)<2,"",(PI()*U0/L)*COS(PI()*G$34/L)*SIN(PI()*$B54/L)) -> 0.99398298 | H54: =IF(COUNT($B54,H$34)<2,"",(PI()*U0/L)*COS(PI()*H$34/L)*SIN(PI()*$B54/L)) -> 0.89734918 | I54: =IF(COUNT($B54,I$34)<2,"",(PI()*U0/L)*COS(PI()*I$34/L)*SIN(PI()*$B54/L)) -> 0.78067008 | J54: =IF(COUNT($B54,J$34)<2,"",(PI()*U0/L)*COS(PI()*J$34/L)*SIN(PI()*$B54/L)) -> 0.64655211 | K54: =IF(COUNT($B54,K$34)<2,"",(PI()*U0/L)*COS(PI()*K$34/L)*SIN(PI()*$B54/L)) -> 0.49799122 | ... X54: =IF(COUNT($B54,X$34)<2,"",(PI()*U0/L)*COS(PI()*X$34/L)*SIN(PI()*$B54/L)) -> -1.1445433
A55: 20 | B55: =IF(20<=N,(20-0.5)*dx,"") -> 0.92857143 | D55: =IF(COUNT($B55,D$34)<2,"",(PI()*U0/L)*COS(PI()*D$34/L)*SIN(PI()*$B55/L)) -> 0.69711539 | E55: =IF(COUNT($B55,E$34)<2,"",(PI()*U0/L)*COS(PI()*E$34/L)*SIN(PI()*$B55/L)) -> 0.68154298 | F55: =IF(COUNT($B55,F$34)<2,"",(PI()*U0/L)*COS(PI()*F$34/L)*SIN(PI()*$B55/L)) -> 0.65074603 | G55: =IF(COUNT($B55,G$34)<2,"",(PI()*U0/L)*COS(PI()*G$34/L)*SIN(PI()*$B55/L)) -> 0.60541249 | H55: =IF(COUNT($B55,H$34)<2,"",(PI()*U0/L)*COS(PI()*H$34/L)*SIN(PI()*$B55/L)) -> 0.54655504 | I55: =IF(COUNT($B55,I$34)<2,"",(PI()*U0/L)*COS(PI()*I$34/L)*SIN(PI()*$B55/L)) -> 0.47548845 | J55: =IF(COUNT($B55,J$34)<2,"",(PI()*U0/L)*COS(PI()*J$34/L)*SIN(PI()*$B55/L)) -> 0.39380023 | K55: =IF(COUNT($B55,K$34)<2,"",(PI()*U0/L)*COS(PI()*K$34/L)*SIN(PI()*$B55/L)) -> 0.30331516 | ... X55: =IF(COUNT($B55,X$34)<2,"",(PI()*U0/L)*COS(PI()*X$34/L)*SIN(PI()*$B55/L)) -> -0.69711539
A56: 21 | B56: =IF(21<=N,(21-0.5)*dx,"") -> 0.97619048 | D56: =IF(COUNT($B56,D$34)<2,"",(PI()*U0/L)*COS(PI()*D$34/L)*SIN(PI()*$B56/L)) -> 0.23411504 | E56: =IF(COUNT($B56,E$34)<2,"",(PI()*U0/L)*COS(PI()*E$34/L)*SIN(PI()*$B56/L)) -> 0.2288853 | F56: =IF(COUNT($B56,F$34)<2,"",(PI()*U0/L)*COS(PI()*F$34/L)*SIN(PI()*$B56/L)) -> 0.21854264 | G56: =IF(COUNT($B56,G$34)<2,"",(PI()*U0/L)*COS(PI()*G$34/L)*SIN(PI()*$B56/L)) -> 0.20331809 | H56: =IF(COUNT($B56,H$34)<2,"",(PI()*U0/L)*COS(PI()*H$34/L)*SIN(PI()*$B56/L)) -> 0.18355176 | I56: =IF(COUNT($B56,I$34)<2,"",(PI()*U0/L)*COS(PI()*I$34/L)*SIN(PI()*$B56/L)) -> 0.15968518 | J56: =IF(COUNT($B56,J$34)<2,"",(PI()*U0/L)*COS(PI()*J$34/L)*SIN(PI()*$B56/L)) -> 0.1322515 | K56: =IF(COUNT($B56,K$34)<2,"",(PI()*U0/L)*COS(PI()*K$34/L)*SIN(PI()*$B56/L)) -> 0.10186354 | ... X56: =IF(COUNT($B56,X$34)<2,"",(PI()*U0/L)*COS(PI()*X$34/L)*SIN(PI()*$B56/L)) -> -0.23411504

Sheet Error
A1: F01 · Error
A3: Error on the main grid
A4: Quantity | B4: Field A | C4: Field B | D4: Unit
A5: maximum error | B5: =MAX(errA) -> 2.4424907e-15 | C5: =MAX(errB) -> 0.011411594 | D5: 1/s
A6: RMS error | B6: =SQRT(SUMSQ(errA)/COUNT(errA)) -> 8.3710805e-16 | C6: =SQRT(SUMSQ(errB)/COUNT(errB)) -> 0.0058207419 | D6: 1/s
A7: interior nodes counted | B7: =COUNT(errA) -> 361 | C7: =COUNT(errB) -> 361
A9: Mass balance over the control volume
A10: Trapezoid rule on both sides, over the box given by ia, ib, ja, jb on the Inputs tab.
A11: Quantity | B11: Field A | C11: Field B | D11: Unit
A12: surface integral | B12: =rho*((dx*(SUM(INDEX(uA,ja,ib):INDEX(uA,jb,ib))-0.5*(INDEX(uA,ja,ib)+INDEX(uA,jb,ib))))-(dx*(SUM(INDEX(uA,ja,ia):INDEX(uA,jb,ia))-0.5*(INDEX(uA,ja,ia)+INDEX(uA,jb,ia))))+(dx*(SUM(INDEX(vA,jb,ia):INDEX(vA,jb,ib))-0.5*(INDEX(vA,jb,ia)+INDEX(vA,jb,ib))))-(dx*(SUM(INDEX(vA,ja,ia):INDEX(vA,ja,ib))-0.5*(INDEX(vA,ja,ia)+INDEX(vA,ja,ib))))) -> 1.3877788e-17 | C12: =rho*((dx*(SUM(INDEX(uB,ja,ib):INDEX(uB,jb,ib))-0.5*(INDEX(uB,ja,ib)+INDEX(uB,jb,ib))))-(dx*(SUM(INDEX(uB,ja,ia):INDEX(uB,jb,ia))-0.5*(INDEX(uB,ja,ia)+INDEX(uB,jb,ia))))+(dx*(SUM(INDEX(vB,jb,ia):INDEX(vB,jb,ib))-0.5*(INDEX(vB,jb,ia)+INDEX(vB,jb,ib))))-(dx*(SUM(INDEX(vB,ja,ia):INDEX(vB,ja,ib))-0.5*(INDEX(vB,ja,ia)+INDEX(vB,ja,ib))))) -> 0.2932276 | D12: kg/(m s)
A13: volume integral | B13: =rho*dx*dx*(SUM(INDEX(DA,ja,ia):INDEX(DA,jb,ib))-0.5*(SUM(INDEX(DA,ja,ia):INDEX(DA,ja,ib))+SUM(INDEX(DA,jb,ia):INDEX(DA,jb,ib))+SUM(INDEX(DA,ja,ia):INDEX(DA,jb,ia))+SUM(INDEX(DA,ja,ib):INDEX(DA,jb,ib)))+0.25*(INDEX(DA,ja,ia)+INDEX(DA,ja,ib)+INDEX(DA,jb,ia)+INDEX(DA,jb,ib))) -> -8.3264783e-18 | C13: =rho*dx*dx*(SUM(INDEX(DB,ja,ia):INDEX(DB,jb,ib))-0.5*(SUM(INDEX(DB,ja,ia):INDEX(DB,ja,ib))+SUM(INDEX(DB,jb,ia):INDEX(DB,jb,ib))+SUM(INDEX(DB,ja,ia):INDEX(DB,jb,ia))+SUM(INDEX(DB,ja,ib):INDEX(DB,jb,ib)))+0.25*(INDEX(DB,ja,ia)+INDEX(DB,ja,ib)+INDEX(DB,jb,ia)+INDEX(DB,jb,ib))) -> 0.29159005 | D13: kg/(m s)
A14: difference | B14: =ABS(B12-B13) -> 2.2204266e-17 | C14: =ABS(C12-C13) -> 0.001637555 | D14: kg/(m s)
A15: relative difference | B15: =IF(ABS(B13)<0.000000000001,"-",B14/ABS(B13)) -> - | C15: =IF(ABS(C13)<0.000000000001,"-",C14/ABS(C13)) -> 0.0056159496 | D15: -
A17: Grid study, field B
A18: Change N_3, N_2 and N on the Inputs tab to move the three grids.
A19: N | B19: dx [m] | C19: maximum error [1/s] | D19: RMS error [1/s] | E19: p from maximum | F19: p from RMS
A20: =N_3 -> 6 | B20: =dx_3 -> 0.16666667 | C20: =MAX(err_3) -> 0.096709581 | D20: =SQRT(SUMSQ(err_3)/COUNT(err_3)) -> 0.063814947
A21: =N_2 -> 11 | B21: =dx_2 -> 0.090909091 | C21: =MAX(err_2) -> 0.038690768 | D21: =SQRT(SUMSQ(err_2)/COUNT(err_2)) -> 0.020778204 | E21: =LN(C20/C21)/LN(B20/B21) -> 1.5113964 | F21: =LN(D20/D21)/LN(B20/B21) -> 1.8512071
A22: =N -> 21 | B22: =dx -> 0.047619048 | C22: =MAX(errB) -> 0.011411594 | D22: =SQRT(SUMSQ(errB)/COUNT(errB)) -> 0.0058207419 | E22: =LN(C21/C22)/LN(B21/B22) -> 1.8882151 | F22: =LN(D21/D22)/LN(B21/B22) -> 1.9678679
A24: The central difference of equation (10) is second order, so p approaches 2 as the grid is refined.
A45: Absolute error of field A, main grid [1/s]
A46: i | D46: 1 | E46: 2 | F46: 3 | G46: 4 | H46: 5 | I46: 6 | J46: 7 | K46: 8 | L46: 9 | M46: 10 | N46: 11 | O46: 12 | P46: 13 | Q46: 14 | R46: 15 | S46: 16 | T46: 17 | U46: 18 | V46: 19 | W46: 20 | X46: 21
A47: x [m] | D47: =IF(1<=N,(1-0.5)*dx,"") -> 0.023809524 | E47: =IF(2<=N,(2-0.5)*dx,"") -> 0.071428571 | F47: =IF(3<=N,(3-0.5)*dx,"") -> 0.11904762 | G47: =IF(4<=N,(4-0.5)*dx,"") -> 0.16666667 | H47: =IF(5<=N,(5-0.5)*dx,"") -> 0.21428571 | I47: =IF(6<=N,(6-0.5)*dx,"") -> 0.26190476 | J47: =IF(7<=N,(7-0.5)*dx,"") -> 0.30952381 | K47: =IF(8<=N,(8-0.5)*dx,"") -> 0.35714286 | L47: =IF(9<=N,(9-0.5)*dx,"") -> 0.4047619 | M47: =IF(10<=N,(10-0.5)*dx,"") -> 0.45238095 | N47: =IF(11<=N,(11-0.5)*dx,"") -> 0.5 | O47: =IF(12<=N,(12-0.5)*dx,"") -> 0.54761905 | P47: =IF(13<=N,(13-0.5)*dx,"") -> 0.5952381 | Q47: =IF(14<=N,(14-0.5)*dx,"") -> 0.64285714 | R47: =IF(15<=N,(15-0.5)*dx,"") -> 0.69047619 | S47: =IF(16<=N,(16-0.5)*dx,"") -> 0.73809524 | T47: =IF(17<=N,(17-0.5)*dx,"") -> 0.78571429 | U47: =IF(18<=N,(18-0.5)*dx,"") -> 0.83333333 | V47: =IF(19<=N,(19-0.5)*dx,"") -> 0.88095238 | W47: =IF(20<=N,(20-0.5)*dx,"") -> 0.92857143 | X47: =IF(21<=N,(21-0.5)*dx,"") -> 0.97619048
A48: j | B48: y [m]
A49: 1 | B49: =IF(1<=N,(1-0.5)*dx,"") -> 0.023809524 | D49: =IF(COUNT(Solver!D64)<1,"",ABS(Solver!D64-Analytical!D8)) | E49: =IF(COUNT(Solver!E64)<1,"",ABS(Solver!E64-Analytical!E8)) | F49: =IF(COUNT(Solver!F64)<1,"",ABS(Solver!F64-Analytical!F8)) | G49: =IF(COUNT(Solver!G64)<1,"",ABS(Solver!G64-Analytical!G8)) | H49: =IF(COUNT(Solver!H64)<1,"",ABS(Solver!H64-Analytical!H8)) | I49: =IF(COUNT(Solver!I64)<1,"",ABS(Solver!I64-Analytical!I8)) | J49: =IF(COUNT(Solver!J64)<1,"",ABS(Solver!J64-Analytical!J8)) | K49: =IF(COUNT(Solver!K64)<1,"",ABS(Solver!K64-Analytical!K8)) | ... X49: =IF(COUNT(Solver!X64)<1,"",ABS(Solver!X64-Analytical!X8))
A50: 2 | B50: =IF(2<=N,(2-0.5)*dx,"") -> 0.071428571 | D50: =IF(COUNT(Solver!D65)<1,"",ABS(Solver!D65-Analytical!D9)) | E50: =IF(COUNT(Solver!E65)<1,"",ABS(Solver!E65-Analytical!E9)) -> 0 | F50: =IF(COUNT(Solver!F65)<1,"",ABS(Solver!F65-Analytical!F9)) -> 0 | G50: =IF(COUNT(Solver!G65)<1,"",ABS(Solver!G65-Analytical!G9)) -> 4.4408921e-16 | H50: =IF(COUNT(Solver!H65)<1,"",ABS(Solver!H65-Analytical!H9)) -> 4.4408921e-16 | I50: =IF(COUNT(Solver!I65)<1,"",ABS(Solver!I65-Analytical!I9)) -> 4.4408921e-16 | J50: =IF(COUNT(Solver!J65)<1,"",ABS(Solver!J65-Analytical!J9)) -> 2.220446e-16 | K50: =IF(COUNT(Solver!K65)<1,"",ABS(Solver!K65-Analytical!K9)) -> 1.5543122e-15 | ... X50: =IF(COUNT(Solver!X65)<1,"",ABS(Solver!X65-Analytical!X9))
A51: 3 | B51: =IF(3<=N,(3-0.5)*dx,"") -> 0.11904762 | D51: =IF(COUNT(Solver!D66)<1,"",ABS(Solver!D66-Analytical!D10)) | E51: =IF(COUNT(Solver!E66)<1,"",ABS(Solver!E66-Analytical!E10)) -> 0 | F51: =IF(COUNT(Solver!F66)<1,"",ABS(Solver!F66-Analytical!F10)) -> 0 | G51: =IF(COUNT(Solver!G66)<1,"",ABS(Solver!G66-Analytical!G10)) -> 4.4408921e-16 | H51: =IF(COUNT(Solver!H66)<1,"",ABS(Solver!H66-Analytical!H10)) -> 4.4408921e-16 | I51: =IF(COUNT(Solver!I66)<1,"",ABS(Solver!I66-Analytical!I10)) -> 2.220446e-16 | J51: =IF(COUNT(Solver!J66)<1,"",ABS(Solver!J66-Analytical!J10)) -> 8.8817842e-16 | K51: =IF(COUNT(Solver!K66)<1,"",ABS(Solver!K66-Analytical!K10)) -> 6.6613381e-16 | ... X51: =IF(COUNT(Solver!X66)<1,"",ABS(Solver!X66-Analytical!X10))
A52: 4 | B52: =IF(4<=N,(4-0.5)*dx,"") -> 0.16666667 | D52: =IF(COUNT(Solver!D67)<1,"",ABS(Solver!D67-Analytical!D11)) | E52: =IF(COUNT(Solver!E67)<1,"",ABS(Solver!E67-Analytical!E11)) -> 4.4408921e-16 | F52: =IF(COUNT(Solver!F67)<1,"",ABS(Solver!F67-Analytical!F11)) -> 4.4408921e-16 | G52: =IF(COUNT(Solver!G67)<1,"",ABS(Solver!G67-Analytical!G11)) -> 0 | H52: =IF(COUNT(Solver!H67)<1,"",ABS(Solver!H67-Analytical!H11)) -> 0 | I52: =IF(COUNT(Solver!I67)<1,"",ABS(Solver!I67-Analytical!I11)) -> 2.220446e-16 | J52: =IF(COUNT(Solver!J67)<1,"",ABS(Solver!J67-Analytical!J11)) -> 8.8817842e-16 | K52: =IF(COUNT(Solver!K67)<1,"",ABS(Solver!K67-Analytical!K11)) -> 2.4424907e-15 | ... X52: =IF(COUNT(Solver!X67)<1,"",ABS(Solver!X67-Analytical!X11))
A53: 5 | B53: =IF(5<=N,(5-0.5)*dx,"") -> 0.21428571 | D53: =IF(COUNT(Solver!D68)<1,"",ABS(Solver!D68-Analytical!D12)) | E53: =IF(COUNT(Solver!E68)<1,"",ABS(Solver!E68-Analytical!E12)) -> 4.4408921e-16 | F53: =IF(COUNT(Solver!F68)<1,"",ABS(Solver!F68-Analytical!F12)) -> 4.4408921e-16 | G53: =IF(COUNT(Solver!G68)<1,"",ABS(Solver!G68-Analytical!G12)) -> 0 | H53: =IF(COUNT(Solver!H68)<1,"",ABS(Solver!H68-Analytical!H12)) -> 0 | I53: =IF(COUNT(Solver!I68)<1,"",ABS(Solver!I68-Analytical!I12)) -> 1.3322676e-15 | J53: =IF(COUNT(Solver!J68)<1,"",ABS(Solver!J68-Analytical!J12)) -> 6.6613381e-16 | K53: =IF(COUNT(Solver!K68)<1,"",ABS(Solver!K68-Analytical!K12)) -> 1.7763568e-15 | ... X53: =IF(COUNT(Solver!X68)<1,"",ABS(Solver!X68-Analytical!X12))
A54: 6 | B54: =IF(6<=N,(6-0.5)*dx,"") -> 0.26190476 | D54: =IF(COUNT(Solver!D69)<1,"",ABS(Solver!D69-Analytical!D13)) | E54: =IF(COUNT(Solver!E69)<1,"",ABS(Solver!E69-Analytical!E13)) -> 4.4408921e-16 | F54: =IF(COUNT(Solver!F69)<1,"",ABS(Solver!F69-Analytical!F13)) -> 2.220446e-16 | G54: =IF(COUNT(Solver!G69)<1,"",ABS(Solver!G69-Analytical!G13)) -> 2.220446e-16 | H54: =IF(COUNT(Solver!H69)<1,"",ABS(Solver!H69-Analytical!H13)) -> 1.3322676e-15 | I54: =IF(COUNT(Solver!I69)<1,"",ABS(Solver!I69-Analytical!I13)) -> 0 | J54: =IF(COUNT(Solver!J69)<1,"",ABS(Solver!J69-Analytical!J13)) -> 6.6613381e-16 | K54: =IF(COUNT(Solver!K69)<1,"",ABS(Solver!K69-Analytical!K13)) -> 1.110223e-15 | ... X54: =IF(COUNT(Solver!X69)<1,"",ABS(Solver!X69-Analytical!X13))
A55: 7 | B55: =IF(7<=N,(7-0.5)*dx,"") -> 0.30952381 | D55: =IF(COUNT(Solver!D70)<1,"",ABS(Solver!D70-Analytical!D14)) | E55: =IF(COUNT(Solver!E70)<1,"",ABS(Solver!E70-Analytical!E14)) -> 2.220446e-16 | F55: =IF(COUNT(Solver!F70)<1,"",ABS(Solver!F70-Analytical!F14)) -> 8.8817842e-16 | G55: =IF(COUNT(Solver!G70)<1,"",ABS(Solver!G70-Analytical!G14)) -> 8.8817842e-16 | H55: =IF(COUNT(Solver!H70)<1,"",ABS(Solver!H70-Analytical!H14)) -> 6.6613381e-16 | I55: =IF(COUNT(Solver!I70)<1,"",ABS(Solver!I70-Analytical!I14)) -> 6.6613381e-16 | J55: =IF(COUNT(Solver!J70)<1,"",ABS(Solver!J70-Analytical!J14)) -> 0 | K55: =IF(COUNT(Solver!K70)<1,"",ABS(Solver!K70-Analytical!K14)) -> 1.2212453e-15 | ... X55: =IF(COUNT(Solver!X70)<1,"",ABS(Solver!X70-Analytical!X14))
A56: 8 | B56: =IF(8<=N,(8-0.5)*dx,"") -> 0.35714286 | D56: =IF(COUNT(Solver!D71)<1,"",ABS(Solver!D71-Analytical!D15)) | E56: =IF(COUNT(Solver!E71)<1,"",ABS(Solver!E71-Analytical!E15)) -> 1.5543122e-15 | F56: =IF(COUNT(Solver!F71)<1,"",ABS(Solver!F71-Analytical!F15)) -> 6.6613381e-16 | G56: =IF(COUNT(Solver!G71)<1,"",ABS(Solver!G71-Analytical!G15)) -> 2.4424907e-15 | H56: =IF(COUNT(Solver!H71)<1,"",ABS(Solver!H71-Analytical!H15)) -> 1.7763568e-15 | I56: =IF(COUNT(Solver!I71)<1,"",ABS(Solver!I71-Analytical!I15)) -> 1.110223e-15 | J56: =IF(COUNT(Solver!J71)<1,"",ABS(Solver!J71-Analytical!J15)) -> 1.2212453e-15 | K56: =IF(COUNT(Solver!K71)<1,"",ABS(Solver!K71-Analytical!K15)) -> 0 | ... X56: =IF(COUNT(Solver!X71)<1,"",ABS(Solver!X71-Analytical!X15))
A57: 9 | B57: =IF(9<=N,(9-0.5)*dx,"") -> 0.4047619 | D57: =IF(COUNT(Solver!D72)<1,"",ABS(Solver!D72-Analytical!D16)) | E57: =IF(COUNT(Solver!E72)<1,"",ABS(Solver!E72-Analytical!E16)) -> 1.2212453e-15 | F57: =IF(COUNT(Solver!F72)<1,"",ABS(Solver!F72-Analytical!F16)) -> 5.5511151e-16 | G57: =IF(COUNT(Solver!G72)<1,"",ABS(Solver!G72-Analytical!G16)) -> 1.110223e-16 | H57: =IF(COUNT(Solver!H72)<1,"",ABS(Solver!H72-Analytical!H16)) -> 5.5511151e-16 | I57: =IF(COUNT(Solver!I72)<1,"",ABS(Solver!I72-Analytical!I16)) -> 2.220446e-16 | J57: =IF(COUNT(Solver!J72)<1,"",ABS(Solver!J72-Analytical!J16)) -> 0 | K57: =IF(COUNT(Solver!K72)<1,"",ABS(Solver!K72-Analytical!K16)) -> 5.5511151e-16 | ... X57: =IF(COUNT(Solver!X72)<1,"",ABS(Solver!X72-Analytical!X16))
A58: 10 | B58: =IF(10<=N,(10-0.5)*dx,"") -> 0.45238095 | D58: =IF(COUNT(Solver!D73)<1,"",ABS(Solver!D73-Analytical!D17)) | E58: =IF(COUNT(Solver!E73)<1,"",ABS(Solver!E73-Analytical!E17)) -> 4.9960036e-16 | F58: =IF(COUNT(Solver!F73)<1,"",ABS(Solver!F73-Analytical!F17)) -> 3.8857806e-16 | G58: =IF(COUNT(Solver!G73)<1,"",ABS(Solver!G73-Analytical!G17)) -> 2.220446e-16 | H58: =IF(COUNT(Solver!H73)<1,"",ABS(Solver!H73-Analytical!H17)) -> 0 | I58: =IF(COUNT(Solver!I73)<1,"",ABS(Solver!I73-Analytical!I17)) -> 3.3306691e-16 | J58: =IF(COUNT(Solver!J73)<1,"",ABS(Solver!J73-Analytical!J17)) -> 2.7755576e-16 | K58: =IF(COUNT(Solver!K73)<1,"",ABS(Solver!K73-Analytical!K17)) -> 1.3877788e-16 | ... X58: =IF(COUNT(Solver!X73)<1,"",ABS(Solver!X73-Analytical!X17))
A59: 11 | B59: =IF(11<=N,(11-0.5)*dx,"") -> 0.5 | D59: =IF(COUNT(Solver!D74)<1,"",ABS(Solver!D74-Analytical!D18)) | E59: =IF(COUNT(Solver!E74)<1,"",ABS(Solver!E74-Analytical!E18)) -> 1.869218e-16 | F59: =IF(COUNT(Solver!F74)<1,"",ABS(Solver!F74-Analytical!F18)) -> 1.7847535e-16 | G59: =IF(COUNT(Solver!G74)<1,"",ABS(Solver!G74-Analytical!G18)) -> 1.6604205e-16 | H59: =IF(COUNT(Solver!H74)<1,"",ABS(Solver!H74-Analytical!H18)) -> 1.4989965e-16 | I59: =IF(COUNT(Solver!I74)<1,"",ABS(Solver!I74-Analytical!I18)) -> 1.3040873e-16 | J59: =IF(COUNT(Solver!J74)<1,"",ABS(Solver!J74-Analytical!J18)) -> 1.0800471e-16 | K59: =IF(COUNT(Solver!K74)<1,"",ABS(Solver!K74-Analytical!K18)) -> 8.3188029e-17 | ... X59: =IF(COUNT(Solver!X74)<1,"",ABS(Solver!X74-Analytical!X18))
A60: 12 | B60: =IF(12<=N,(12-0.5)*dx,"") -> 0.54761905 | D60: =IF(COUNT(Solver!D75)<1,"",ABS(Solver!D75-Analytical!D19)) | E60: =IF(COUNT(Solver!E75)<1,"",ABS(Solver!E75-Analytical!E19)) -> 1.5543122e-15 | F60: =IF(COUNT(Solver!F75)<1,"",ABS(Solver!F75-Analytical!F19)) -> 5.5511151e-16 | G60: =IF(COUNT(Solver!G75)<1,"",ABS(Solver!G75-Analytical!G19)) -> 1.0547119e-15 | H60: =IF(COUNT(Solver!H75)<1,"",ABS(Solver!H75-Analytical!H19)) -> 7.2164497e-16 | I60: =IF(COUNT(Solver!I75)<1,"",ABS(Solver!I75-Analytical!I19)) -> 4.4408921e-16 | J60: =IF(COUNT(Solver!J75)<1,"",ABS(Solver!J75-Analytical!J19)) -> 9.9920072e-16 | K60: =IF(COUNT(Solver!K75)<1,"",ABS(Solver!K75-Analytical!K19)) -> 4.1633363e-16 | ... X60: =IF(COUNT(Solver!X75)<1,"",ABS(Solver!X75-Analytical!X19))
A61: 13 | B61: =IF(13<=N,(13-0.5)*dx,"") -> 0.5952381 | D61: =IF(COUNT(Solver!D76)<1,"",ABS(Solver!D76-Analytical!D20)) | E61: =IF(COUNT(Solver!E76)<1,"",ABS(Solver!E76-Analytical!E20)) -> 3.3306691e-16 | F61: =IF(COUNT(Solver!F76)<1,"",ABS(Solver!F76-Analytical!F20)) -> 3.3306691e-16 | G61: =IF(COUNT(Solver!G76)<1,"",ABS(Solver!G76-Analytical!G20)) -> 5.5511151e-16 | H61: =IF(COUNT(Solver!H76)<1,"",ABS(Solver!H76-Analytical!H20)) -> 2.220446e-16 | I61: =IF(COUNT(Solver!I76)<1,"",ABS(Solver!I76-Analytical!I20)) -> 2.220446e-16 | J61: =IF(COUNT(Solver!J76)<1,"",ABS(Solver!J76-Analytical!J20)) -> 3.3306691e-16 | K61: =IF(COUNT(Solver!K76)<1,"",ABS(Solver!K76-Analytical!K20)) -> 2.7755576e-16 | ... X61: =IF(COUNT(Solver!X76)<1,"",ABS(Solver!X76-Analytical!X20))
A62: 14 | B62: =IF(14<=N,(14-0.5)*dx,"") -> 0.64285714 | D62: =IF(COUNT(Solver!D77)<1,"",ABS(Solver!D77-Analytical!D21)) | E62: =IF(COUNT(Solver!E77)<1,"",ABS(Solver!E77-Analytical!E21)) -> 0 | F62: =IF(COUNT(Solver!F77)<1,"",ABS(Solver!F77-Analytical!F21)) -> 1.110223e-15 | G62: =IF(COUNT(Solver!G77)<1,"",ABS(Solver!G77-Analytical!G21)) -> 2.220446e-16 | H62: =IF(COUNT(Solver!H77)<1,"",ABS(Solver!H77-Analytical!H21)) -> 4.4408921e-16 | I62: =IF(COUNT(Solver!I77)<1,"",ABS(Solver!I77-Analytical!I21)) -> 0 | J62: =IF(COUNT(Solver!J77)<1,"",ABS(Solver!J77-Analytical!J21)) -> 0 | K62: =IF(COUNT(Solver!K77)<1,"",ABS(Solver!K77-Analytical!K21)) -> 1.2212453e-15 | ... X62: =IF(COUNT(Solver!X77)<1,"",ABS(Solver!X77-Analytical!X21))
A63: 15 | B63: =IF(15<=N,(15-0.5)*dx,"") -> 0.69047619 | D63: =IF(COUNT(Solver!D78)<1,"",ABS(Solver!D78-Analytical!D22)) | E63: =IF(COUNT(Solver!E78)<1,"",ABS(Solver!E78-Analytical!E22)) -> 1.7763568e-15 | F63: =IF(COUNT(Solver!F78)<1,"",ABS(Solver!F78-Analytical!F22)) -> 4.4408921e-16 | G63: =IF(COUNT(Solver!G78)<1,"",ABS(Solver!G78-Analytical!G22)) -> 1.110223e-15 | H63: =IF(COUNT(Solver!H78)<1,"",ABS(Solver!H78-Analytical!H22)) -> 6.6613381e-16 | I63: =IF(COUNT(Solver!I78)<1,"",ABS(Solver!I78-Analytical!I22)) -> 1.110223e-15 | J63: =IF(COUNT(Solver!J78)<1,"",ABS(Solver!J78-Analytical!J22)) -> 1.7763568e-15 | K63: =IF(COUNT(Solver!K78)<1,"",ABS(Solver!K78-Analytical!K22)) -> 1.2212453e-15 | ... X63: =IF(COUNT(Solver!X78)<1,"",ABS(Solver!X78-Analytical!X22))
A64: 16 | B64: =IF(16<=N,(16-0.5)*dx,"") -> 0.73809524 | D64: =IF(COUNT(Solver!D79)<1,"",ABS(Solver!D79-Analytical!D23)) | E64: =IF(COUNT(Solver!E79)<1,"",ABS(Solver!E79-Analytical!E23)) -> 4.4408921e-16 | F64: =IF(COUNT(Solver!F79)<1,"",ABS(Solver!F79-Analytical!F23)) -> 0 | G64: =IF(COUNT(Solver!G79)<1,"",ABS(Solver!G79-Analytical!G23)) -> 2.220446e-16 | H64: =IF(COUNT(Solver!H79)<1,"",ABS(Solver!H79-Analytical!H23)) -> 6.6613381e-16 | I64: =IF(COUNT(Solver!I79)<1,"",ABS(Solver!I79-Analytical!I23)) -> 6.6613381e-16 | J64: =IF(COUNT(Solver!J79)<1,"",ABS(Solver!J79-Analytical!J23)) -> 6.6613381e-16 | K64: =IF(COUNT(Solver!K79)<1,"",ABS(Solver!K79-Analytical!K23)) -> 5.5511151e-16 | ... X64: =IF(COUNT(Solver!X79)<1,"",ABS(Solver!X79-Analytical!X23))
A65: 17 | B65: =IF(17<=N,(17-0.5)*dx,"") -> 0.78571429 | D65: =IF(COUNT(Solver!D80)<1,"",ABS(Solver!D80-Analytical!D24)) | E65: =IF(COUNT(Solver!E80)<1,"",ABS(Solver!E80-Analytical!E24)) -> 1.3322676e-15 | F65: =IF(COUNT(Solver!F80)<1,"",ABS(Solver!F80-Analytical!F24)) -> 2.220446e-15 | G65: =IF(COUNT(Solver!G80)<1,"",ABS(Solver!G80-Analytical!G24)) -> 1.3322676e-15 | H65: =IF(COUNT(Solver!H80)<1,"",ABS(Solver!H80-Analytical!H24)) -> 1.110223e-15 | I65: =IF(COUNT(Solver!I80)<1,"",ABS(Solver!I80-Analytical!I24)) -> 2.4424907e-15 | J65: =IF(COUNT(Solver!J80)<1,"",ABS(Solver!J80-Analytical!J24)) -> 1.7763568e-15 | K65: =IF(COUNT(Solver!K80)<1,"",ABS(Solver!K80-Analytical!K24)) -> 6.6613381e-16 | ... X65: =IF(COUNT(Solver!X80)<1,"",ABS(Solver!X80-Analytical!X24))
A66: 18 | B66: =IF(18<=N,(18-0.5)*dx,"") -> 0.83333333 | D66: =IF(COUNT(Solver!D81)<1,"",ABS(Solver!D81-Analytical!D25)) | E66: =IF(COUNT(Solver!E81)<1,"",ABS(Solver!E81-Analytical!E25)) -> 8.8817842e-16 | F66: =IF(COUNT(Solver!F81)<1,"",ABS(Solver!F81-Analytical!F25)) -> 1.3322676e-15 | G66: =IF(COUNT(Solver!G81)<1,"",ABS(Solver!G81-Analytical!G25)) -> 1.3322676e-15 | H66: =IF(COUNT(Solver!H81)<1,"",ABS(Solver!H81-Analytical!H25)) -> 0 | I66: =IF(COUNT(Solver!I81)<1,"",ABS(Solver!I81-Analytical!I25)) -> 1.7763568e-15 | J66: =IF(COUNT(Solver!J81)<1,"",ABS(Solver!J81-Analytical!J25)) -> 1.7763568e-15 | K66: =IF(COUNT(Solver!K81)<1,"",ABS(Solver!K81-Analytical!K25)) -> 8.8817842e-16 | ... X66: =IF(COUNT(Solver!X81)<1,"",ABS(Solver!X81-Analytical!X25))
A67: 19 | B67: =IF(19<=N,(19-0.5)*dx,"") -> 0.88095238 | D67: =IF(COUNT(Solver!D82)<1,"",ABS(Solver!D82-Analytical!D26)) | E67: =IF(COUNT(Solver!E82)<1,"",ABS(Solver!E82-Analytical!E26)) -> 1.7763568e-15 | F67: =IF(COUNT(Solver!F82)<1,"",ABS(Solver!F82-Analytical!F26)) -> 4.4408921e-16 | G67: =IF(COUNT(Solver!G82)<1,"",ABS(Solver!G82-Analytical!G26)) -> 1.3322676e-15 | H67: =IF(COUNT(Solver!H82)<1,"",ABS(Solver!H82-Analytical!H26)) -> 8.8817842e-16 | I67: =IF(COUNT(Solver!I82)<1,"",ABS(Solver!I82-Analytical!I26)) -> 1.110223e-15 | J67: =IF(COUNT(Solver!J82)<1,"",ABS(Solver!J82-Analytical!J26)) -> 6.6613381e-16 | K67: =IF(COUNT(Solver!K82)<1,"",ABS(Solver!K82-Analytical!K26)) -> 0 | ... X67: =IF(COUNT(Solver!X82)<1,"",ABS(Solver!X82-Analytical!X26))
A68: 20 | B68: =IF(20<=N,(20-0.5)*dx,"") -> 0.92857143 | D68: =IF(COUNT(Solver!D83)<1,"",ABS(Solver!D83-Analytical!D27)) | E68: =IF(COUNT(Solver!E83)<1,"",ABS(Solver!E83-Analytical!E27)) -> 1.7763568e-15 | F68: =IF(COUNT(Solver!F83)<1,"",ABS(Solver!F83-Analytical!F27)) -> 1.3322676e-15 | G68: =IF(COUNT(Solver!G83)<1,"",ABS(Solver!G83-Analytical!G27)) -> 1.3322676e-15 | H68: =IF(COUNT(Solver!H83)<1,"",ABS(Solver!H83-Analytical!H27)) -> 8.8817842e-16 | I68: =IF(COUNT(Solver!I83)<1,"",ABS(Solver!I83-Analytical!I27)) -> 8.8817842e-16 | J68: =IF(COUNT(Solver!J83)<1,"",ABS(Solver!J83-Analytical!J27)) -> 8.8817842e-16 | K68: =IF(COUNT(Solver!K83)<1,"",ABS(Solver!K83-Analytical!K27)) -> 1.3322676e-15 | ... X68: =IF(COUNT(Solver!X83)<1,"",ABS(Solver!X83-Analytical!X27))
A69: 21 | B69: =IF(21<=N,(21-0.5)*dx,"") -> 0.97619048 | D69: =IF(COUNT(Solver!D84)<1,"",ABS(Solver!D84-Analytical!D28)) | E69: =IF(COUNT(Solver!E84)<1,"",ABS(Solver!E84-Analytical!E28)) | F69: =IF(COUNT(Solver!F84)<1,"",ABS(Solver!F84-Analytical!F28)) | G69: =IF(COUNT(Solver!G84)<1,"",ABS(Solver!G84-Analytical!G28)) | H69: =IF(COUNT(Solver!H84)<1,"",ABS(Solver!H84-Analytical!H28)) | I69: =IF(COUNT(Solver!I84)<1,"",ABS(Solver!I84-Analytical!I28)) | J69: =IF(COUNT(Solver!J84)<1,"",ABS(Solver!J84-Analytical!J28)) | K69: =IF(COUNT(Solver!K84)<1,"",ABS(Solver!K84-Analytical!K28)) | ... X69: =IF(COUNT(Solver!X84)<1,"",ABS(Solver!X84-Analytical!X28))
A73: Absolute error of field B, main grid [1/s]
A74: i | D74: 1 | E74: 2 | F74: 3 | G74: 4 | H74: 5 | I74: 6 | J74: 7 | K74: 8 | L74: 9 | M74: 10 | N74: 11 | O74: 12 | P74: 13 | Q74: 14 | R74: 15 | S74: 16 | T74: 17 | U74: 18 | V74: 19 | W74: 20 | X74: 21
A75: x [m] | D75: =IF(1<=N,(1-0.5)*dx,"") -> 0.023809524 | E75: =IF(2<=N,(2-0.5)*dx,"") -> 0.071428571 | F75: =IF(3<=N,(3-0.5)*dx,"") -> 0.11904762 | G75: =IF(4<=N,(4-0.5)*dx,"") -> 0.16666667 | H75: =IF(5<=N,(5-0.5)*dx,"") -> 0.21428571 | I75: =IF(6<=N,(6-0.5)*dx,"") -> 0.26190476 | J75: =IF(7<=N,(7-0.5)*dx,"") -> 0.30952381 | K75: =IF(8<=N,(8-0.5)*dx,"") -> 0.35714286 | L75: =IF(9<=N,(9-0.5)*dx,"") -> 0.4047619 | M75: =IF(10<=N,(10-0.5)*dx,"") -> 0.45238095 | N75: =IF(11<=N,(11-0.5)*dx,"") -> 0.5 | O75: =IF(12<=N,(12-0.5)*dx,"") -> 0.54761905 | P75: =IF(13<=N,(13-0.5)*dx,"") -> 0.5952381 | Q75: =IF(14<=N,(14-0.5)*dx,"") -> 0.64285714 | R75: =IF(15<=N,(15-0.5)*dx,"") -> 0.69047619 | S75: =IF(16<=N,(16-0.5)*dx,"") -> 0.73809524 | T75: =IF(17<=N,(17-0.5)*dx,"") -> 0.78571429 | U75: =IF(18<=N,(18-0.5)*dx,"") -> 0.83333333 | V75: =IF(19<=N,(19-0.5)*dx,"") -> 0.88095238 | W75: =IF(20<=N,(20-0.5)*dx,"") -> 0.92857143 | X75: =IF(21<=N,(21-0.5)*dx,"") -> 0.97619048
A76: j | B76: y [m]
A77: 1 | B77: =IF(1<=N,(1-0.5)*dx,"") -> 0.023809524 | D77: =IF(COUNT(Solver!D148)<1,"",ABS(Solver!D148-Analytical!D36)) | E77: =IF(COUNT(Solver!E148)<1,"",ABS(Solver!E148-Analytical!E36)) | F77: =IF(COUNT(Solver!F148)<1,"",ABS(Solver!F148-Analytical!F36)) | G77: =IF(COUNT(Solver!G148)<1,"",ABS(Solver!G148-Analytical!G36)) | H77: =IF(COUNT(Solver!H148)<1,"",ABS(Solver!H148-Analytical!H36)) | I77: =IF(COUNT(Solver!I148)<1,"",ABS(Solver!I148-Analytical!I36)) | J77: =IF(COUNT(Solver!J148)<1,"",ABS(Solver!J148-Analytical!J36)) | K77: =IF(COUNT(Solver!K148)<1,"",ABS(Solver!K148-Analytical!K36)) | ... X77: =IF(COUNT(Solver!X148)<1,"",ABS(Solver!X148-Analytical!X36))
A78: 2 | B78: =IF(2<=N,(2-0.5)*dx,"") -> 0.071428571 | D78: =IF(COUNT(Solver!D149)<1,"",ABS(Solver!D149-Analytical!D37)) | E78: =IF(COUNT(Solver!E149)<1,"",ABS(Solver!E149-Analytical!E37)) -> 0.0025393184 | F78: =IF(COUNT(Solver!F149)<1,"",ABS(Solver!F149-Analytical!F37)) -> 0.002424574 | G78: =IF(COUNT(Solver!G149)<1,"",ABS(Solver!G149-Analytical!G37)) -> 0.0022556686 | H78: =IF(COUNT(Solver!H149)<1,"",ABS(Solver!H149-Analytical!H37)) -> 0.0020363753 | I78: =IF(COUNT(Solver!I149)<1,"",ABS(Solver!I149-Analytical!I37)) -> 0.0017715927 | J78: =IF(COUNT(Solver!J149)<1,"",ABS(Solver!J149-Analytical!J37)) -> 0.0014672357 | K78: =IF(COUNT(Solver!K149)<1,"",ABS(Solver!K149-Analytical!K37)) -> 0.001130103 | ... X78: =IF(COUNT(Solver!X149)<1,"",ABS(Solver!X149-Analytical!X37))
A79: 3 | B79: =IF(3<=N,(3-0.5)*dx,"") -> 0.11904762 | D79: =IF(COUNT(Solver!D150)<1,"",ABS(Solver!D150-Analytical!D38)) | E79: =IF(COUNT(Solver!E150)<1,"",ABS(Solver!E150-Analytical!E38)) -> 0.0041691233 | F79: =IF(COUNT(Solver!F150)<1,"",ABS(Solver!F150-Analytical!F38)) -> 0.0039807327 | G79: =IF(COUNT(Solver!G150)<1,"",ABS(Solver!G150-Analytical!G38)) -> 0.0037034191 | H79: =IF(COUNT(Solver!H150)<1,"",ABS(Solver!H150-Analytical!H38)) -> 0.0033433773 | I79: =IF(COUNT(Solver!I150)<1,"",ABS(Solver!I150-Analytical!I38)) -> 0.0029086499 | J79: =IF(COUNT(Solver!J150)<1,"",ABS(Solver!J150-Analytical!J38)) -> 0.0024089481 | K79: =IF(COUNT(Solver!K150)<1,"",ABS(Solver!K150-Analytical!K38)) -> 0.0018554344 | ... X79: =IF(COUNT(Solver!X150)<1,"",ABS(Solver!X150-Analytical!X38))
A80: 4 | B80: =IF(4<=N,(4-0.5)*dx,"") -> 0.16666667 | D80: =IF(COUNT(Solver!D151)<1,"",ABS(Solver!D151-Analytical!D39)) | E80: =IF(COUNT(Solver!E151)<1,"",ABS(Solver!E151-Analytical!E39)) -> 0.0057057968 | F80: =IF(COUNT(Solver!F151)<1,"",ABS(Solver!F151-Analytical!F39)) -> 0.0054479684 | G80: =IF(COUNT(Solver!G151)<1,"",ABS(Solver!G151-Analytical!G39)) -> 0.0050684413 | H80: =IF(COUNT(Solver!H151)<1,"",ABS(Solver!H151-Analytical!H39)) -> 0.0045756937 | I80: =IF(COUNT(Solver!I151)<1,"",ABS(Solver!I151-Analytical!I39)) -> 0.0039807327 | J80: =IF(COUNT(Solver!J151)<1,"",ABS(Solver!J151-Analytical!J39)) -> 0.0032968486 | K80: =IF(COUNT(Solver!K151)<1,"",ABS(Solver!K151-Analytical!K39)) -> 0.0025393184 | ... X80: =IF(COUNT(Solver!X151)<1,"",ABS(Solver!X151-Analytical!X39))
A81: 5 | B81: =IF(5<=N,(5-0.5)*dx,"") -> 0.21428571 | D81: =IF(COUNT(Solver!D152)<1,"",ABS(Solver!D152-Analytical!D40)) | E81: =IF(COUNT(Solver!E152)<1,"",ABS(Solver!E152-Analytical!E40)) -> 0.0071150122 | F81: =IF(COUNT(Solver!F152)<1,"",ABS(Solver!F152-Analytical!F40)) -> 0.0067935054 | G81: =IF(COUNT(Solver!G152)<1,"",ABS(Solver!G152-Analytical!G40)) -> 0.006320243 | H81: =IF(COUNT(Solver!H152)<1,"",ABS(Solver!H152-Analytical!H40)) -> 0.0057057968 | I81: =IF(COUNT(Solver!I152)<1,"",ABS(Solver!I152-Analytical!I40)) -> 0.0049638925 | J81: =IF(COUNT(Solver!J152)<1,"",ABS(Solver!J152-Analytical!J40)) -> 0.004111103 | K81: =IF(COUNT(Solver!K152)<1,"",ABS(Solver!K152-Analytical!K40)) -> 0.0031664783 | ... X81: =IF(COUNT(Solver!X152)<1,"",ABS(Solver!X152-Analytical!X40))
A82: 6 | B82: =IF(6<=N,(6-0.5)*dx,"") -> 0.26190476 | D82: =IF(COUNT(Solver!D153)<1,"",ABS(Solver!D153-Analytical!D41)) | E82: =IF(COUNT(Solver!E153)<1,"",ABS(Solver!E153-Analytical!E41)) -> 0.00836529 | F82: =IF(COUNT(Solver!F153)<1,"",ABS(Solver!F153-Analytical!F41)) -> 0.0079872868 | G82: =IF(COUNT(Solver!G153)<1,"",ABS(Solver!G153-Analytical!G41)) -> 0.0074308608 | H82: =IF(COUNT(Solver!H153)<1,"",ABS(Solver!H153-Analytical!H41)) -> 0.0067084417 | I82: =IF(COUNT(Solver!I153)<1,"",ABS(Solver!I153-Analytical!I41)) -> 0.0058361671 | J82: =IF(COUNT(Solver!J153)<1,"",ABS(Solver!J153-Analytical!J41)) -> 0.0048335221 | K82: =IF(COUNT(Solver!K153)<1,"",ABS(Solver!K153-Analytical!K41)) -> 0.0037229043 | ... X82: =IF(COUNT(Solver!X153)<1,"",ABS(Solver!X153-Analytical!X41))
A83: 7 | B83: =IF(7<=N,(7-0.5)*dx,"") -> 0.30952381 | D83: =IF(COUNT(Solver!D154)<1,"",ABS(Solver!D154-Analytical!D42)) | E83: =IF(COUNT(Solver!E154)<1,"",ABS(Solver!E154-Analytical!E42)) -> 0.009428701 | F83: =IF(COUNT(Solver!F154)<1,"",ABS(Solver!F154-Analytical!F42)) -> 0.0090026454 | G83: =IF(COUNT(Solver!G154)<1,"",ABS(Solver!G154-Analytical!G42)) -> 0.0083754855 | H83: =IF(COUNT(Solver!H154)<1,"",ABS(Solver!H154-Analytical!H42)) -> 0.0075612312 | I83: =IF(COUNT(Solver!I154)<1,"",ABS(Solver!I154-Analytical!I42)) -> 0.0065780714 | J83: =IF(COUNT(Solver!J154)<1,"",ABS(Solver!J154-Analytical!J42)) -> 0.0054479684 | K83: =IF(COUNT(Solver!K154)<1,"",ABS(Solver!K154-Analytical!K42)) -> 0.0041961667 | ... X83: =IF(COUNT(Solver!X154)<1,"",ABS(Solver!X154-Analytical!X42))
A84: 8 | B84: =IF(8<=N,(8-0.5)*dx,"") -> 0.35714286 | D84: =IF(COUNT(Solver!D155)<1,"",ABS(Solver!D155-Analytical!D43)) | E84: =IF(COUNT(Solver!E155)<1,"",ABS(Solver!E155-Analytical!E43)) -> 0.01028149 | F84: =IF(COUNT(Solver!F155)<1,"",ABS(Solver!F155-Analytical!F43)) -> 0.0098168998 | G84: =IF(COUNT(Solver!G155)<1,"",ABS(Solver!G155-Analytical!G43)) -> 0.0091330157 | H84: =IF(COUNT(Solver!H155)<1,"",ABS(Solver!H155-Analytical!H43)) -> 0.0082451152 | I84: =IF(COUNT(Solver!I155)<1,"",ABS(Solver!I155-Analytical!I43)) -> 0.0071730324 | J84: =IF(COUNT(Solver!J155)<1,"",ABS(Solver!J155-Analytical!J43)) -> 0.005940716 | K84: =IF(COUNT(Solver!K155)<1,"",ABS(Solver!K155-Analytical!K43)) -> 0.0045756937 | ... X84: =IF(COUNT(Solver!X155)<1,"",ABS(Solver!X155-Analytical!X43))
A85: 9 | B85: =IF(9<=N,(9-0.5)*dx,"") -> 0.4047619 | D85: =IF(COUNT(Solver!D156)<1,"",ABS(Solver!D156-Analytical!D44)) | E85: =IF(COUNT(Solver!E156)<1,"",ABS(Solver!E156-Analytical!E44)) -> 0.010904608 | F85: =IF(COUNT(Solver!F156)<1,"",ABS(Solver!F156-Analytical!F44)) -> 0.010411861 | G85: =IF(COUNT(Solver!G156)<1,"",ABS(Solver!G156-Analytical!G44)) -> 0.0096865294 | H85: =IF(COUNT(Solver!H156)<1,"",ABS(Solver!H156-Analytical!H44)) -> 0.008744817 | I85: =IF(COUNT(Solver!I156)<1,"",ABS(Solver!I156-Analytical!I44)) -> 0.0076077598 | J85: =IF(COUNT(Solver!J156)<1,"",ABS(Solver!J156-Analytical!J44)) -> 0.0063007578 | K85: =IF(COUNT(Solver!K156)<1,"",ABS(Solver!K156-Analytical!K44)) -> 0.0048530073 | ... X85: =IF(COUNT(Solver!X156)<1,"",ABS(Solver!X156-Analytical!X44))
A86: 10 | B86: =IF(10<=N,(10-0.5)*dx,"") -> 0.45238095 | D86: =IF(COUNT(Solver!D157)<1,"",ABS(Solver!D157-Analytical!D45)) | E86: =IF(COUNT(Solver!E157)<1,"",ABS(Solver!E157-Analytical!E45)) -> 0.011284135 | F86: =IF(COUNT(Solver!F157)<1,"",ABS(Solver!F157-Analytical!F45)) -> 0.010774238 | G86: =IF(COUNT(Solver!G157)<1,"",ABS(Solver!G157-Analytical!G45)) -> 0.010023662 | H86: =IF(COUNT(Solver!H157)<1,"",ABS(Solver!H157-Analytical!H45)) -> 0.009049174 | I86: =IF(COUNT(Solver!I157)<1,"",ABS(Solver!I157-Analytical!I45)) -> 0.0078725424 | J86: =IF(COUNT(Solver!J157)<1,"",ABS(Solver!J157-Analytical!J45)) -> 0.0065200511 | K86: =IF(COUNT(Solver!K157)<1,"",ABS(Solver!K157-Analytical!K45)) -> 0.0050219127 | ... X86: =IF(COUNT(Solver!X157)<1,"",ABS(Solver!X157-Analytical!X45))
A87: 11 | B87: =IF(11<=N,(11-0.5)*dx,"") -> 0.5 | D87: =IF(COUNT(Solver!D158)<1,"",ABS(Solver!D158-Analytical!D46)) | E87: =IF(COUNT(Solver!E158)<1,"",ABS(Solver!E158-Analytical!E46)) -> 0.011411594 | F87: =IF(COUNT(Solver!F158)<1,"",ABS(Solver!F158-Analytical!F46)) -> 0.010895937 | G87: =IF(COUNT(Solver!G158)<1,"",ABS(Solver!G158-Analytical!G46)) -> 0.010136883 | H87: =IF(COUNT(Solver!H158)<1,"",ABS(Solver!H158-Analytical!H46)) -> 0.0091513875 | I87: =IF(COUNT(Solver!I158)<1,"",ABS(Solver!I158-Analytical!I46)) -> 0.0079614654 | J87: =IF(COUNT(Solver!J158)<1,"",ABS(Solver!J158-Analytical!J46)) -> 0.0065936973 | K87: =IF(COUNT(Solver!K158)<1,"",ABS(Solver!K158-Analytical!K46)) -> 0.0050786369 | ... X87: =IF(COUNT(Solver!X158)<1,"",ABS(Solver!X158-Analytical!X46))
A88: 12 | B88: =IF(12<=N,(12-0.5)*dx,"") -> 0.54761905 | D88: =IF(COUNT(Solver!D159)<1,"",ABS(Solver!D159-Analytical!D47)) | E88: =IF(COUNT(Solver!E159)<1,"",ABS(Solver!E159-Analytical!E47)) -> 0.011284135 | F88: =IF(COUNT(Solver!F159)<1,"",ABS(Solver!F159-Analytical!F47)) -> 0.010774238 | G88: =IF(COUNT(Solver!G159)<1,"",ABS(Solver!G159-Analytical!G47)) -> 0.010023662 | H88: =IF(COUNT(Solver!H159)<1,"",ABS(Solver!H159-Analytical!H47)) -> 0.009049174 | I88: =IF(COUNT(Solver!I159)<1,"",ABS(Solver!I159-Analytical!I47)) -> 0.0078725424 | J88: =IF(COUNT(Solver!J159)<1,"",ABS(Solver!J159-Analytical!J47)) -> 0.0065200511 | K88: =IF(COUNT(Solver!K159)<1,"",ABS(Solver!K159-Analytical!K47)) -> 0.0050219127 | ... X88: =IF(COUNT(Solver!X159)<1,"",ABS(Solver!X159-Analytical!X47))
A89: 13 | B89: =IF(13<=N,(13-0.5)*dx,"") -> 0.5952381 | D89: =IF(COUNT(Solver!D160)<1,"",ABS(Solver!D160-Analytical!D48)) | E89: =IF(COUNT(Solver!E160)<1,"",ABS(Solver!E160-Analytical!E48)) -> 0.010904608 | F89: =IF(COUNT(Solver!F160)<1,"",ABS(Solver!F160-Analytical!F48)) -> 0.010411861 | G89: =IF(COUNT(Solver!G160)<1,"",ABS(Solver!G160-Analytical!G48)) -> 0.0096865294 | H89: =IF(COUNT(Solver!H160)<1,"",ABS(Solver!H160-Analytical!H48)) -> 0.008744817 | I89: =IF(COUNT(Solver!I160)<1,"",ABS(Solver!I160-Analytical!I48)) -> 0.0076077598 | J89: =IF(COUNT(Solver!J160)<1,"",ABS(Solver!J160-Analytical!J48)) -> 0.0063007578 | K89: =IF(COUNT(Solver!K160)<1,"",ABS(Solver!K160-Analytical!K48)) -> 0.0048530073 | ... X89: =IF(COUNT(Solver!X160)<1,"",ABS(Solver!X160-Analytical!X48))
A90: 14 | B90: =IF(14<=N,(14-0.5)*dx,"") -> 0.64285714 | D90: =IF(COUNT(Solver!D161)<1,"",ABS(Solver!D161-Analytical!D49)) | E90: =IF(COUNT(Solver!E161)<1,"",ABS(Solver!E161-Analytical!E49)) -> 0.01028149 | F90: =IF(COUNT(Solver!F161)<1,"",ABS(Solver!F161-Analytical!F49)) -> 0.0098168998 | G90: =IF(COUNT(Solver!G161)<1,"",ABS(Solver!G161-Analytical!G49)) -> 0.0091330157 | H90: =IF(COUNT(Solver!H161)<1,"",ABS(Solver!H161-Analytical!H49)) -> 0.0082451152 | I90: =IF(COUNT(Solver!I161)<1,"",ABS(Solver!I161-Analytical!I49)) -> 0.0071730324 | J90: =IF(COUNT(Solver!J161)<1,"",ABS(Solver!J161-Analytical!J49)) -> 0.005940716 | K90: =IF(COUNT(Solver!K161)<1,"",ABS(Solver!K161-Analytical!K49)) -> 0.0045756937 | ... X90: =IF(COUNT(Solver!X161)<1,"",ABS(Solver!X161-Analytical!X49))
A91: 15 | B91: =IF(15<=N,(15-0.5)*dx,"") -> 0.69047619 | D91: =IF(COUNT(Solver!D162)<1,"",ABS(Solver!D162-Analytical!D50)) | E91: =IF(COUNT(Solver!E162)<1,"",ABS(Solver!E162-Analytical!E50)) -> 0.009428701 | F91: =IF(COUNT(Solver!F162)<1,"",ABS(Solver!F162-Analytical!F50)) -> 0.0090026454 | G91: =IF(COUNT(Solver!G162)<1,"",ABS(Solver!G162-Analytical!G50)) -> 0.0083754855 | H91: =IF(COUNT(Solver!H162)<1,"",ABS(Solver!H162-Analytical!H50)) -> 0.0075612312 | I91: =IF(COUNT(Solver!I162)<1,"",ABS(Solver!I162-Analytical!I50)) -> 0.0065780714 | J91: =IF(COUNT(Solver!J162)<1,"",ABS(Solver!J162-Analytical!J50)) -> 0.0054479684 | K91: =IF(COUNT(Solver!K162)<1,"",ABS(Solver!K162-Analytical!K50)) -> 0.0041961667 | ... X91: =IF(COUNT(Solver!X162)<1,"",ABS(Solver!X162-Analytical!X50))
A92: 16 | B92: =IF(16<=N,(16-0.5)*dx,"") -> 0.73809524 | D92: =IF(COUNT(Solver!D163)<1,"",ABS(Solver!D163-Analytical!D51)) | E92: =IF(COUNT(Solver!E163)<1,"",ABS(Solver!E163-Analytical!E51)) -> 0.00836529 | F92: =IF(COUNT(Solver!F163)<1,"",ABS(Solver!F163-Analytical!F51)) -> 0.0079872868 | G92: =IF(COUNT(Solver!G163)<1,"",ABS(Solver!G163-Analytical!G51)) -> 0.0074308608 | H92: =IF(COUNT(Solver!H163)<1,"",ABS(Solver!H163-Analytical!H51)) -> 0.0067084417 | I92: =IF(COUNT(Solver!I163)<1,"",ABS(Solver!I163-Analytical!I51)) -> 0.0058361671 | J92: =IF(COUNT(Solver!J163)<1,"",ABS(Solver!J163-Analytical!J51)) -> 0.0048335221 | K92: =IF(COUNT(Solver!K163)<1,"",ABS(Solver!K163-Analytical!K51)) -> 0.0037229043 | ... X92: =IF(COUNT(Solver!X163)<1,"",ABS(Solver!X163-Analytical!X51))
A93: 17 | B93: =IF(17<=N,(17-0.5)*dx,"") -> 0.78571429 | D93: =IF(COUNT(Solver!D164)<1,"",ABS(Solver!D164-Analytical!D52)) | E93: =IF(COUNT(Solver!E164)<1,"",ABS(Solver!E164-Analytical!E52)) -> 0.0071150122 | F93: =IF(COUNT(Solver!F164)<1,"",ABS(Solver!F164-Analytical!F52)) -> 0.0067935054 | G93: =IF(COUNT(Solver!G164)<1,"",ABS(Solver!G164-Analytical!G52)) -> 0.006320243 | H93: =IF(COUNT(Solver!H164)<1,"",ABS(Solver!H164-Analytical!H52)) -> 0.0057057968 | I93: =IF(COUNT(Solver!I164)<1,"",ABS(Solver!I164-Analytical!I52)) -> 0.0049638925 | J93: =IF(COUNT(Solver!J164)<1,"",ABS(Solver!J164-Analytical!J52)) -> 0.004111103 | K93: =IF(COUNT(Solver!K164)<1,"",ABS(Solver!K164-Analytical!K52)) -> 0.0031664783 | ... X93: =IF(COUNT(Solver!X164)<1,"",ABS(Solver!X164-Analytical!X52))
A94: 18 | B94: =IF(18<=N,(18-0.5)*dx,"") -> 0.83333333 | D94: =IF(COUNT(Solver!D165)<1,"",ABS(Solver!D165-Analytical!D53)) | E94: =IF(COUNT(Solver!E165)<1,"",ABS(Solver!E165-Analytical!E53)) -> 0.0057057968 | F94: =IF(COUNT(Solver!F165)<1,"",ABS(Solver!F165-Analytical!F53)) -> 0.0054479684 | G94: =IF(COUNT(Solver!G165)<1,"",ABS(Solver!G165-Analytical!G53)) -> 0.0050684413 | H94: =IF(COUNT(Solver!H165)<1,"",ABS(Solver!H165-Analytical!H53)) -> 0.0045756937 | I94: =IF(COUNT(Solver!I165)<1,"",ABS(Solver!I165-Analytical!I53)) -> 0.0039807327 | J94: =IF(COUNT(Solver!J165)<1,"",ABS(Solver!J165-Analytical!J53)) -> 0.0032968486 | K94: =IF(COUNT(Solver!K165)<1,"",ABS(Solver!K165-Analytical!K53)) -> 0.0025393184 | ... X94: =IF(COUNT(Solver!X165)<1,"",ABS(Solver!X165-Analytical!X53))
A95: 19 | B95: =IF(19<=N,(19-0.5)*dx,"") -> 0.88095238 | D95: =IF(COUNT(Solver!D166)<1,"",ABS(Solver!D166-Analytical!D54)) | E95: =IF(COUNT(Solver!E166)<1,"",ABS(Solver!E166-Analytical!E54)) -> 0.0041691233 | F95: =IF(COUNT(Solver!F166)<1,"",ABS(Solver!F166-Analytical!F54)) -> 0.0039807327 | G95: =IF(COUNT(Solver!G166)<1,"",ABS(Solver!G166-Analytical!G54)) -> 0.0037034191 | H95: =IF(COUNT(Solver!H166)<1,"",ABS(Solver!H166-Analytical!H54)) -> 0.0033433773 | I95: =IF(COUNT(Solver!I166)<1,"",ABS(Solver!I166-Analytical!I54)) -> 0.0029086499 | J95: =IF(COUNT(Solver!J166)<1,"",ABS(Solver!J166-Analytical!J54)) -> 0.0024089481 | K95: =IF(COUNT(Solver!K166)<1,"",ABS(Solver!K166-Analytical!K54)) -> 0.0018554344 | ... X95: =IF(COUNT(Solver!X166)<1,"",ABS(Solver!X166-Analytical!X54))
A96: 20 | B96: =IF(20<=N,(20-0.5)*dx,"") -> 0.92857143 | D96: =IF(COUNT(Solver!D167)<1,"",ABS(Solver!D167-Analytical!D55)) | E96: =IF(COUNT(Solver!E167)<1,"",ABS(Solver!E167-Analytical!E55)) -> 0.0025393184 | F96: =IF(COUNT(Solver!F167)<1,"",ABS(Solver!F167-Analytical!F55)) -> 0.002424574 | G96: =IF(COUNT(Solver!G167)<1,"",ABS(Solver!G167-Analytical!G55)) -> 0.0022556686 | H96: =IF(COUNT(Solver!H167)<1,"",ABS(Solver!H167-Analytical!H55)) -> 0.0020363753 | I96: =IF(COUNT(Solver!I167)<1,"",ABS(Solver!I167-Analytical!I55)) -> 0.0017715927 | J96: =IF(COUNT(Solver!J167)<1,"",ABS(Solver!J167-Analytical!J55)) -> 0.0014672357 | K96: =IF(COUNT(Solver!K167)<1,"",ABS(Solver!K167-Analytical!K55)) -> 0.001130103 | ... X96: =IF(COUNT(Solver!X167)<1,"",ABS(Solver!X167-Analytical!X55))
A97: 21 | B97: =IF(21<=N,(21-0.5)*dx,"") -> 0.97619048 | D97: =IF(COUNT(Solver!D168)<1,"",ABS(Solver!D168-Analytical!D56)) | E97: =IF(COUNT(Solver!E168)<1,"",ABS(Solver!E168-Analytical!E56)) | F97: =IF(COUNT(Solver!F168)<1,"",ABS(Solver!F168-Analytical!F56)) | G97: =IF(COUNT(Solver!G168)<1,"",ABS(Solver!G168-Analytical!G56)) | H97: =IF(COUNT(Solver!H168)<1,"",ABS(Solver!H168-Analytical!H56)) | I97: =IF(COUNT(Solver!I168)<1,"",ABS(Solver!I168-Analytical!I56)) | J97: =IF(COUNT(Solver!J168)<1,"",ABS(Solver!J168-Analytical!J56)) | K97: =IF(COUNT(Solver!K168)<1,"",ABS(Solver!K168-Analytical!K56)) | ... X97: =IF(COUNT(Solver!X168)<1,"",ABS(Solver!X168-Analytical!X56))
A101: Discrete divergence of field B on the N_2 grid [1/s]
A102: i | D102: 1 | E102: 2 | F102: 3 | G102: 4 | H102: 5 | I102: 6 | J102: 7 | K102: 8 | L102: 9 | M102: 10 | N102: 11 | O102: 12 | P102: 13 | Q102: 14 | R102: 15 | S102: 16 | T102: 17 | U102: 18 | V102: 19 | W102: 20 | X102: 21
A103: x [m] | D103: =IF(1<=N_2,(1-0.5)*dx_2,"") -> 0.045454545 | E103: =IF(2<=N_2,(2-0.5)*dx_2,"") -> 0.13636364 | F103: =IF(3<=N_2,(3-0.5)*dx_2,"") -> 0.22727273 | G103: =IF(4<=N_2,(4-0.5)*dx_2,"") -> 0.31818182 | H103: =IF(5<=N_2,(5-0.5)*dx_2,"") -> 0.40909091 | I103: =IF(6<=N_2,(6-0.5)*dx_2,"") -> 0.5 | J103: =IF(7<=N_2,(7-0.5)*dx_2,"") -> 0.59090909 | K103: =IF(8<=N_2,(8-0.5)*dx_2,"") -> 0.68181818 | L103: =IF(9<=N_2,(9-0.5)*dx_2,"") -> 0.77272727 | M103: =IF(10<=N_2,(10-0.5)*dx_2,"") -> 0.86363636 | N103: =IF(11<=N_2,(11-0.5)*dx_2,"") -> 0.95454545 | O103: =IF(12<=N_2,(12-0.5)*dx_2,"") | P103: =IF(13<=N_2,(13-0.5)*dx_2,"") | Q103: =IF(14<=N_2,(14-0.5)*dx_2,"") | R103: =IF(15<=N_2,(15-0.5)*dx_2,"") | S103: =IF(16<=N_2,(16-0.5)*dx_2,"") | T103: =IF(17<=N_2,(17-0.5)*dx_2,"") | U103: =IF(18<=N_2,(18-0.5)*dx_2,"") | V103: =IF(19<=N_2,(19-0.5)*dx_2,"") | W103: =IF(20<=N_2,(20-0.5)*dx_2,"") | X103: =IF(21<=N_2,(21-0.5)*dx_2,"")
A104: j | B104: y [m]
A105: 1 | B105: =IF(1<=N_2,(1-0.5)*dx_2,"") -> 0.045454545 | D105: =IF(COUNT(C$103,E$103,$B104,$B105,$B106)<5,"",(U0*SIN(PI()*E$103/L)*SIN(PI()*$B105/L)-U0*SIN(PI()*C$103/L)*SIN(PI()*$B105/L))/(2*dx_2)) | E105: =IF(COUNT(D$103,F$103,$B104,$B105,$B106)<5,"",(U0*SIN(PI()*F$103/L)*SIN(PI()*$B105/L)-U0*SIN(PI()*D$103/L)*SIN(PI()*$B105/L))/(2*dx_2)) | F105: =IF(COUNT(E$103,G$103,$B104,$B105,$B106)<5,"",(U0*SIN(PI()*G$103/L)*SIN(PI()*$B105/L)-U0*SIN(PI()*E$103/L)*SIN(PI()*$B105/L))/(2*dx_2)) | G105: =IF(COUNT(F$103,H$103,$B104,$B105,$B106)<5,"",(U0*SIN(PI()*H$103/L)*SIN(PI()*$B105/L)-U0*SIN(PI()*F$103/L)*SIN(PI()*$B105/L))/(2*dx_2)) | H105: =IF(COUNT(G$103,I$103,$B104,$B105,$B106)<5,"",(U0*SIN(PI()*I$103/L)*SIN(PI()*$B105/L)-U0*SIN(PI()*G$103/L)*SIN(PI()*$B105/L))/(2*dx_2)) | I105: =IF(COUNT(H$103,J$103,$B104,$B105,$B106)<5,"",(U0*SIN(PI()*J$103/L)*SIN(PI()*$B105/L)-U0*SIN(PI()*H$103/L)*SIN(PI()*$B105/L))/(2*dx_2)) | J105: =IF(COUNT(I$103,K$103,$B104,$B105,$B106)<5,"",(U0*SIN(PI()*K$103/L)*SIN(PI()*$B105/L)-U0*SIN(PI()*I$103/L)*SIN(PI()*$B105/L))/(2*dx_2)) | K105: =IF(COUNT(J$103,L$103,$B104,$B105,$B106)<5,"",(U0*SIN(PI()*L$103/L)*SIN(PI()*$B105/L)-U0*SIN(PI()*J$103/L)*SIN(PI()*$B105/L))/(2*dx_2)) | ... X105: =IF(COUNT(W$103,Y$103,$B104,$B105,$B106)<5,"",(U0*SIN(PI()*Y$103/L)*SIN(PI()*$B105/L)-U0*SIN(PI()*W$103/L)*SIN(PI()*$B105/L))/(2*dx_2))
A106: 2 | B106: =IF(2<=N_2,(2-0.5)*dx_2,"") -> 0.13636364 | D106: =IF(COUNT(C$103,E$103,$B105,$B106,$B107)<5,"",(U0*SIN(PI()*E$103/L)*SIN(PI()*$B106/L)-U0*SIN(PI()*C$103/L)*SIN(PI()*$B106/L))/(2*dx_2)) | E106: =IF(COUNT(D$103,F$103,$B105,$B106,$B107)<5,"",(U0*SIN(PI()*F$103/L)*SIN(PI()*$B106/L)-U0*SIN(PI()*D$103/L)*SIN(PI()*$B106/L))/(2*dx_2)) -> 1.1710559 | F106: =IF(COUNT(E$103,G$103,$B105,$B106,$B107)<5,"",(U0*SIN(PI()*G$103/L)*SIN(PI()*$B106/L)-U0*SIN(PI()*E$103/L)*SIN(PI()*$B106/L))/(2*dx_2)) -> 0.97294843 | G106: =IF(COUNT(F$103,H$103,$B105,$B106,$B107)<5,"",(U0*SIN(PI()*H$103/L)*SIN(PI()*$B106/L)-U0*SIN(PI()*F$103/L)*SIN(PI()*$B106/L))/(2*dx_2)) -> 0.69601843 | H106: =IF(COUNT(G$103,I$103,$B105,$B106,$B107)<5,"",(U0*SIN(PI()*I$103/L)*SIN(PI()*$B106/L)-U0*SIN(PI()*G$103/L)*SIN(PI()*$B106/L))/(2*dx_2)) -> 0.36270116 | I106: =IF(COUNT(H$103,J$103,$B105,$B106,$B107)<5,"",(U0*SIN(PI()*J$103/L)*SIN(PI()*$B106/L)-U0*SIN(PI()*H$103/L)*SIN(PI()*$B106/L))/(2*dx_2)) -> 0 | J106: =IF(COUNT(I$103,K$103,$B105,$B106,$B107)<5,"",(U0*SIN(PI()*K$103/L)*SIN(PI()*$B106/L)-U0*SIN(PI()*I$103/L)*SIN(PI()*$B106/L))/(2*dx_2)) -> -0.36270116 | K106: =IF(COUNT(J$103,L$103,$B105,$B106,$B107)<5,"",(U0*SIN(PI()*L$103/L)*SIN(PI()*$B106/L)-U0*SIN(PI()*J$103/L)*SIN(PI()*$B106/L))/(2*dx_2)) -> -0.69601843 | ... X106: =IF(COUNT(W$103,Y$103,$B105,$B106,$B107)<5,"",(U0*SIN(PI()*Y$103/L)*SIN(PI()*$B106/L)-U0*SIN(PI()*W$103/L)*SIN(PI()*$B106/L))/(2*dx_2))
A107: 3 | B107: =IF(3<=N_2,(3-0.5)*dx_2,"") -> 0.22727273 | D107: =IF(COUNT(C$103,E$103,$B106,$B107,$B108)<5,"",(U0*SIN(PI()*E$103/L)*SIN(PI()*$B107/L)-U0*SIN(PI()*C$103/L)*SIN(PI()*$B107/L))/(2*dx_2)) | E107: =IF(COUNT(D$103,F$103,$B106,$B107,$B108)<5,"",(U0*SIN(PI()*F$103/L)*SIN(PI()*$B107/L)-U0*SIN(PI()*D$103/L)*SIN(PI()*$B107/L))/(2*dx_2)) -> 1.846054 | F107: =IF(COUNT(E$103,G$103,$B106,$B107,$B108)<5,"",(U0*SIN(PI()*G$103/L)*SIN(PI()*$B107/L)-U0*SIN(PI()*E$103/L)*SIN(PI()*$B107/L))/(2*dx_2)) -> 1.5337571 | G107: =IF(COUNT(F$103,H$103,$B106,$B107,$B108)<5,"",(U0*SIN(PI()*H$103/L)*SIN(PI()*$B107/L)-U0*SIN(PI()*F$103/L)*SIN(PI()*$B107/L))/(2*dx_2)) -> 1.0972043 | H107: =IF(COUNT(G$103,I$103,$B106,$B107,$B108)<5,"",(U0*SIN(PI()*I$103/L)*SIN(PI()*$B107/L)-U0*SIN(PI()*G$103/L)*SIN(PI()*$B107/L))/(2*dx_2)) -> 0.57176255 | I107: =IF(COUNT(H$103,J$103,$B106,$B107,$B108)<5,"",(U0*SIN(PI()*J$103/L)*SIN(PI()*$B107/L)-U0*SIN(PI()*H$103/L)*SIN(PI()*$B107/L))/(2*dx_2)) -> 0 | J107: =IF(COUNT(I$103,K$103,$B106,$B107,$B108)<5,"",(U0*SIN(PI()*K$103/L)*SIN(PI()*$B107/L)-U0*SIN(PI()*I$103/L)*SIN(PI()*$B107/L))/(2*dx_2)) -> -0.57176255 | K107: =IF(COUNT(J$103,L$103,$B106,$B107,$B108)<5,"",(U0*SIN(PI()*L$103/L)*SIN(PI()*$B107/L)-U0*SIN(PI()*J$103/L)*SIN(PI()*$B107/L))/(2*dx_2)) -> -1.0972043 | ... X107: =IF(COUNT(W$103,Y$103,$B106,$B107,$B108)<5,"",(U0*SIN(PI()*Y$103/L)*SIN(PI()*$B107/L)-U0*SIN(PI()*W$103/L)*SIN(PI()*$B107/L))/(2*dx_2))
A108: 4 | B108: =IF(4<=N_2,(4-0.5)*dx_2,"") -> 0.31818182 | D108: =IF(COUNT(C$103,E$103,$B107,$B108,$B109)<5,"",(U0*SIN(PI()*E$103/L)*SIN(PI()*$B108/L)-U0*SIN(PI()*C$103/L)*SIN(PI()*$B108/L))/(2*dx_2)) | E108: =IF(COUNT(D$103,F$103,$B107,$B108,$B109)<5,"",(U0*SIN(PI()*F$103/L)*SIN(PI()*$B108/L)-U0*SIN(PI()*D$103/L)*SIN(PI()*$B108/L))/(2*dx_2)) -> 2.3714958 | F108: =IF(COUNT(E$103,G$103,$B107,$B108,$B109)<5,"",(U0*SIN(PI()*G$103/L)*SIN(PI()*$B108/L)-U0*SIN(PI()*E$103/L)*SIN(PI()*$B108/L))/(2*dx_2)) -> 1.9703099 | G108: =IF(COUNT(F$103,H$103,$B107,$B108,$B109)<5,"",(U0*SIN(PI()*H$103/L)*SIN(PI()*$B108/L)-U0*SIN(PI()*F$103/L)*SIN(PI()*$B108/L))/(2*dx_2)) -> 1.4095012 | H108: =IF(COUNT(G$103,I$103,$B107,$B108,$B109)<5,"",(U0*SIN(PI()*I$103/L)*SIN(PI()*$B108/L)-U0*SIN(PI()*G$103/L)*SIN(PI()*$B108/L))/(2*dx_2)) -> 0.73450314 | I108: =IF(COUNT(H$103,J$103,$B107,$B108,$B109)<5,"",(U0*SIN(PI()*J$103/L)*SIN(PI()*$B108/L)-U0*SIN(PI()*H$103/L)*SIN(PI()*$B108/L))/(2*dx_2)) -> 0 | J108: =IF(COUNT(I$103,K$103,$B107,$B108,$B109)<5,"",(U0*SIN(PI()*K$103/L)*SIN(PI()*$B108/L)-U0*SIN(PI()*I$103/L)*SIN(PI()*$B108/L))/(2*dx_2)) -> -0.73450314 | K108: =IF(COUNT(J$103,L$103,$B107,$B108,$B109)<5,"",(U0*SIN(PI()*L$103/L)*SIN(PI()*$B108/L)-U0*SIN(PI()*J$103/L)*SIN(PI()*$B108/L))/(2*dx_2)) -> -1.4095012 | ... X108: =IF(COUNT(W$103,Y$103,$B107,$B108,$B109)<5,"",(U0*SIN(PI()*Y$103/L)*SIN(PI()*$B108/L)-U0*SIN(PI()*W$103/L)*SIN(PI()*$B108/L))/(2*dx_2))
A109: 5 | B109: =IF(5<=N_2,(5-0.5)*dx_2,"") -> 0.40909091 | D109: =IF(COUNT(C$103,E$103,$B108,$B109,$B110)<5,"",(U0*SIN(PI()*E$103/L)*SIN(PI()*$B109/L)-U0*SIN(PI()*C$103/L)*SIN(PI()*$B109/L))/(2*dx_2)) | E109: =IF(COUNT(D$103,F$103,$B108,$B109,$B110)<5,"",(U0*SIN(PI()*F$103/L)*SIN(PI()*$B109/L)-U0*SIN(PI()*D$103/L)*SIN(PI()*$B109/L))/(2*dx_2)) -> 2.704813 | F109: =IF(COUNT(E$103,G$103,$B108,$B109,$B110)<5,"",(U0*SIN(PI()*G$103/L)*SIN(PI()*$B109/L)-U0*SIN(PI()*E$103/L)*SIN(PI()*$B109/L))/(2*dx_2)) -> 2.2472399 | G109: =IF(COUNT(F$103,H$103,$B108,$B109,$B110)<5,"",(U0*SIN(PI()*H$103/L)*SIN(PI()*$B109/L)-U0*SIN(PI()*F$103/L)*SIN(PI()*$B109/L))/(2*dx_2)) -> 1.6076087 | H109: =IF(COUNT(G$103,I$103,$B108,$B109,$B110)<5,"",(U0*SIN(PI()*I$103/L)*SIN(PI()*$B109/L)-U0*SIN(PI()*G$103/L)*SIN(PI()*$B109/L))/(2*dx_2)) -> 0.83773866 | I109: =IF(COUNT(H$103,J$103,$B108,$B109,$B110)<5,"",(U0*SIN(PI()*J$103/L)*SIN(PI()*$B109/L)-U0*SIN(PI()*H$103/L)*SIN(PI()*$B109/L))/(2*dx_2)) -> 0 | J109: =IF(COUNT(I$103,K$103,$B108,$B109,$B110)<5,"",(U0*SIN(PI()*K$103/L)*SIN(PI()*$B109/L)-U0*SIN(PI()*I$103/L)*SIN(PI()*$B109/L))/(2*dx_2)) -> -0.83773866 | K109: =IF(COUNT(J$103,L$103,$B108,$B109,$B110)<5,"",(U0*SIN(PI()*L$103/L)*SIN(PI()*$B109/L)-U0*SIN(PI()*J$103/L)*SIN(PI()*$B109/L))/(2*dx_2)) -> -1.6076087 | ... X109: =IF(COUNT(W$103,Y$103,$B108,$B109,$B110)<5,"",(U0*SIN(PI()*Y$103/L)*SIN(PI()*$B109/L)-U0*SIN(PI()*W$103/L)*SIN(PI()*$B109/L))/(2*dx_2))
A110: 6 | B110: =IF(6<=N_2,(6-0.5)*dx_2,"") -> 0.5 | D110: =IF(COUNT(C$103,E$103,$B109,$B110,$B111)<5,"",(U0*SIN(PI()*E$103/L)*SIN(PI()*$B110/L)-U0*SIN(PI()*C$103/L)*SIN(PI()*$B110/L))/(2*dx_2)) | E110: =IF(COUNT(D$103,F$103,$B109,$B110,$B111)<5,"",(U0*SIN(PI()*F$103/L)*SIN(PI()*$B110/L)-U0*SIN(PI()*D$103/L)*SIN(PI()*$B110/L))/(2*dx_2)) -> 2.8190024 | F110: =IF(COUNT(E$103,G$103,$B109,$B110,$B111)<5,"",(U0*SIN(PI()*G$103/L)*SIN(PI()*$B110/L)-U0*SIN(PI()*E$103/L)*SIN(PI()*$B110/L))/(2*dx_2)) -> 2.3421119 | G110: =IF(COUNT(F$103,H$103,$B109,$B110,$B111)<5,"",(U0*SIN(PI()*H$103/L)*SIN(PI()*$B110/L)-U0*SIN(PI()*F$103/L)*SIN(PI()*$B110/L))/(2*dx_2)) -> 1.6754773 | H110: =IF(COUNT(G$103,I$103,$B109,$B110,$B111)<5,"",(U0*SIN(PI()*I$103/L)*SIN(PI()*$B110/L)-U0*SIN(PI()*G$103/L)*SIN(PI()*$B110/L))/(2*dx_2)) -> 0.87310557 | I110: =IF(COUNT(H$103,J$103,$B109,$B110,$B111)<5,"",(U0*SIN(PI()*J$103/L)*SIN(PI()*$B110/L)-U0*SIN(PI()*H$103/L)*SIN(PI()*$B110/L))/(2*dx_2)) -> 0 | J110: =IF(COUNT(I$103,K$103,$B109,$B110,$B111)<5,"",(U0*SIN(PI()*K$103/L)*SIN(PI()*$B110/L)-U0*SIN(PI()*I$103/L)*SIN(PI()*$B110/L))/(2*dx_2)) -> -0.87310557 | K110: =IF(COUNT(J$103,L$103,$B109,$B110,$B111)<5,"",(U0*SIN(PI()*L$103/L)*SIN(PI()*$B110/L)-U0*SIN(PI()*J$103/L)*SIN(PI()*$B110/L))/(2*dx_2)) -> -1.6754773 | ... X110: =IF(COUNT(W$103,Y$103,$B109,$B110,$B111)<5,"",(U0*SIN(PI()*Y$103/L)*SIN(PI()*$B110/L)-U0*SIN(PI()*W$103/L)*SIN(PI()*$B110/L))/(2*dx_2))
A111: 7 | B111: =IF(7<=N_2,(7-0.5)*dx_2,"") -> 0.59090909 | D111: =IF(COUNT(C$103,E$103,$B110,$B111,$B112)<5,"",(U0*SIN(PI()*E$103/L)*SIN(PI()*$B111/L)-U0*SIN(PI()*C$103/L)*SIN(PI()*$B111/L))/(2*dx_2)) | E111: =IF(COUNT(D$103,F$103,$B110,$B111,$B112)<5,"",(U0*SIN(PI()*F$103/L)*SIN(PI()*$B111/L)-U0*SIN(PI()*D$103/L)*SIN(PI()*$B111/L))/(2*dx_2)) -> 2.704813 | F111: =IF(COUNT(E$103,G$103,$B110,$B111,$B112)<5,"",(U0*SIN(PI()*G$103/L)*SIN(PI()*$B111/L)-U0*SIN(PI()*E$103/L)*SIN(PI()*$B111/L))/(2*dx_2)) -> 2.2472399 | G111: =IF(COUNT(F$103,H$103,$B110,$B111,$B112)<5,"",(U0*SIN(PI()*H$103/L)*SIN(PI()*$B111/L)-U0*SIN(PI()*F$103/L)*SIN(PI()*$B111/L))/(2*dx_2)) -> 1.6076087 | H111: =IF(COUNT(G$103,I$103,$B110,$B111,$B112)<5,"",(U0*SIN(PI()*I$103/L)*SIN(PI()*$B111/L)-U0*SIN(PI()*G$103/L)*SIN(PI()*$B111/L))/(2*dx_2)) -> 0.83773866 | I111: =IF(COUNT(H$103,J$103,$B110,$B111,$B112)<5,"",(U0*SIN(PI()*J$103/L)*SIN(PI()*$B111/L)-U0*SIN(PI()*H$103/L)*SIN(PI()*$B111/L))/(2*dx_2)) -> 0 | J111: =IF(COUNT(I$103,K$103,$B110,$B111,$B112)<5,"",(U0*SIN(PI()*K$103/L)*SIN(PI()*$B111/L)-U0*SIN(PI()*I$103/L)*SIN(PI()*$B111/L))/(2*dx_2)) -> -0.83773866 | K111: =IF(COUNT(J$103,L$103,$B110,$B111,$B112)<5,"",(U0*SIN(PI()*L$103/L)*SIN(PI()*$B111/L)-U0*SIN(PI()*J$103/L)*SIN(PI()*$B111/L))/(2*dx_2)) -> -1.6076087 | ... X111: =IF(COUNT(W$103,Y$103,$B110,$B111,$B112)<5,"",(U0*SIN(PI()*Y$103/L)*SIN(PI()*$B111/L)-U0*SIN(PI()*W$103/L)*SIN(PI()*$B111/L))/(2*dx_2))
A112: 8 | B112: =IF(8<=N_2,(8-0.5)*dx_2,"") -> 0.68181818 | D112: =IF(COUNT(C$103,E$103,$B111,$B112,$B113)<5,"",(U0*SIN(PI()*E$103/L)*SIN(PI()*$B112/L)-U0*SIN(PI()*C$103/L)*SIN(PI()*$B112/L))/(2*dx_2)) | E112: =IF(COUNT(D$103,F$103,$B111,$B112,$B113)<5,"",(U0*SIN(PI()*F$103/L)*SIN(PI()*$B112/L)-U0*SIN(PI()*D$103/L)*SIN(PI()*$B112/L))/(2*dx_2)) -> 2.3714958 | F112: =IF(COUNT(E$103,G$103,$B111,$B112,$B113)<5,"",(U0*SIN(PI()*G$103/L)*SIN(PI()*$B112/L)-U0*SIN(PI()*E$103/L)*SIN(PI()*$B112/L))/(2*dx_2)) -> 1.9703099 | G112: =IF(COUNT(F$103,H$103,$B111,$B112,$B113)<5,"",(U0*SIN(PI()*H$103/L)*SIN(PI()*$B112/L)-U0*SIN(PI()*F$103/L)*SIN(PI()*$B112/L))/(2*dx_2)) -> 1.4095012 | H112: =IF(COUNT(G$103,I$103,$B111,$B112,$B113)<5,"",(U0*SIN(PI()*I$103/L)*SIN(PI()*$B112/L)-U0*SIN(PI()*G$103/L)*SIN(PI()*$B112/L))/(2*dx_2)) -> 0.73450314 | I112: =IF(COUNT(H$103,J$103,$B111,$B112,$B113)<5,"",(U0*SIN(PI()*J$103/L)*SIN(PI()*$B112/L)-U0*SIN(PI()*H$103/L)*SIN(PI()*$B112/L))/(2*dx_2)) -> 0 | J112: =IF(COUNT(I$103,K$103,$B111,$B112,$B113)<5,"",(U0*SIN(PI()*K$103/L)*SIN(PI()*$B112/L)-U0*SIN(PI()*I$103/L)*SIN(PI()*$B112/L))/(2*dx_2)) -> -0.73450314 | K112: =IF(COUNT(J$103,L$103,$B111,$B112,$B113)<5,"",(U0*SIN(PI()*L$103/L)*SIN(PI()*$B112/L)-U0*SIN(PI()*J$103/L)*SIN(PI()*$B112/L))/(2*dx_2)) -> -1.4095012 | ... X112: =IF(COUNT(W$103,Y$103,$B111,$B112,$B113)<5,"",(U0*SIN(PI()*Y$103/L)*SIN(PI()*$B112/L)-U0*SIN(PI()*W$103/L)*SIN(PI()*$B112/L))/(2*dx_2))
A113: 9 | B113: =IF(9<=N_2,(9-0.5)*dx_2,"") -> 0.77272727 | D113: =IF(COUNT(C$103,E$103,$B112,$B113,$B114)<5,"",(U0*SIN(PI()*E$103/L)*SIN(PI()*$B113/L)-U0*SIN(PI()*C$103/L)*SIN(PI()*$B113/L))/(2*dx_2)) | E113: =IF(COUNT(D$103,F$103,$B112,$B113,$B114)<5,"",(U0*SIN(PI()*F$103/L)*SIN(PI()*$B113/L)-U0*SIN(PI()*D$103/L)*SIN(PI()*$B113/L))/(2*dx_2)) -> 1.846054 | F113: =IF(COUNT(E$103,G$103,$B112,$B113,$B114)<5,"",(U0*SIN(PI()*G$103/L)*SIN(PI()*$B113/L)-U0*SIN(PI()*E$103/L)*SIN(PI()*$B113/L))/(2*dx_2)) -> 1.5337571 | G113: =IF(COUNT(F$103,H$103,$B112,$B113,$B114)<5,"",(U0*SIN(PI()*H$103/L)*SIN(PI()*$B113/L)-U0*SIN(PI()*F$103/L)*SIN(PI()*$B113/L))/(2*dx_2)) -> 1.0972043 | H113: =IF(COUNT(G$103,I$103,$B112,$B113,$B114)<5,"",(U0*SIN(PI()*I$103/L)*SIN(PI()*$B113/L)-U0*SIN(PI()*G$103/L)*SIN(PI()*$B113/L))/(2*dx_2)) -> 0.57176255 | I113: =IF(COUNT(H$103,J$103,$B112,$B113,$B114)<5,"",(U0*SIN(PI()*J$103/L)*SIN(PI()*$B113/L)-U0*SIN(PI()*H$103/L)*SIN(PI()*$B113/L))/(2*dx_2)) -> 0 | J113: =IF(COUNT(I$103,K$103,$B112,$B113,$B114)<5,"",(U0*SIN(PI()*K$103/L)*SIN(PI()*$B113/L)-U0*SIN(PI()*I$103/L)*SIN(PI()*$B113/L))/(2*dx_2)) -> -0.57176255 | K113: =IF(COUNT(J$103,L$103,$B112,$B113,$B114)<5,"",(U0*SIN(PI()*L$103/L)*SIN(PI()*$B113/L)-U0*SIN(PI()*J$103/L)*SIN(PI()*$B113/L))/(2*dx_2)) -> -1.0972043 | ... X113: =IF(COUNT(W$103,Y$103,$B112,$B113,$B114)<5,"",(U0*SIN(PI()*Y$103/L)*SIN(PI()*$B113/L)-U0*SIN(PI()*W$103/L)*SIN(PI()*$B113/L))/(2*dx_2))
A114: 10 | B114: =IF(10<=N_2,(10-0.5)*dx_2,"") -> 0.86363636 | D114: =IF(COUNT(C$103,E$103,$B113,$B114,$B115)<5,"",(U0*SIN(PI()*E$103/L)*SIN(PI()*$B114/L)-U0*SIN(PI()*C$103/L)*SIN(PI()*$B114/L))/(2*dx_2)) | E114: =IF(COUNT(D$103,F$103,$B113,$B114,$B115)<5,"",(U0*SIN(PI()*F$103/L)*SIN(PI()*$B114/L)-U0*SIN(PI()*D$103/L)*SIN(PI()*$B114/L))/(2*dx_2)) -> 1.1710559 | F114: =IF(COUNT(E$103,G$103,$B113,$B114,$B115)<5,"",(U0*SIN(PI()*G$103/L)*SIN(PI()*$B114/L)-U0*SIN(PI()*E$103/L)*SIN(PI()*$B114/L))/(2*dx_2)) -> 0.97294843 | G114: =IF(COUNT(F$103,H$103,$B113,$B114,$B115)<5,"",(U0*SIN(PI()*H$103/L)*SIN(PI()*$B114/L)-U0*SIN(PI()*F$103/L)*SIN(PI()*$B114/L))/(2*dx_2)) -> 0.69601843 | H114: =IF(COUNT(G$103,I$103,$B113,$B114,$B115)<5,"",(U0*SIN(PI()*I$103/L)*SIN(PI()*$B114/L)-U0*SIN(PI()*G$103/L)*SIN(PI()*$B114/L))/(2*dx_2)) -> 0.36270116 | I114: =IF(COUNT(H$103,J$103,$B113,$B114,$B115)<5,"",(U0*SIN(PI()*J$103/L)*SIN(PI()*$B114/L)-U0*SIN(PI()*H$103/L)*SIN(PI()*$B114/L))/(2*dx_2)) -> 0 | J114: =IF(COUNT(I$103,K$103,$B113,$B114,$B115)<5,"",(U0*SIN(PI()*K$103/L)*SIN(PI()*$B114/L)-U0*SIN(PI()*I$103/L)*SIN(PI()*$B114/L))/(2*dx_2)) -> -0.36270116 | K114: =IF(COUNT(J$103,L$103,$B113,$B114,$B115)<5,"",(U0*SIN(PI()*L$103/L)*SIN(PI()*$B114/L)-U0*SIN(PI()*J$103/L)*SIN(PI()*$B114/L))/(2*dx_2)) -> -0.69601843 | ... X114: =IF(COUNT(W$103,Y$103,$B113,$B114,$B115)<5,"",(U0*SIN(PI()*Y$103/L)*SIN(PI()*$B114/L)-U0*SIN(PI()*W$103/L)*SIN(PI()*$B114/L))/(2*dx_2))
A115: 11 | B115: =IF(11<=N_2,(11-0.5)*dx_2,"") -> 0.95454545 | D115: =IF(COUNT(C$103,E$103,$B114,$B115,$B116)<5,"",(U0*SIN(PI()*E$103/L)*SIN(PI()*$B115/L)-U0*SIN(PI()*C$103/L)*SIN(PI()*$B115/L))/(2*dx_2)) | E115: =IF(COUNT(D$103,F$103,$B114,$B115,$B116)<5,"",(U0*SIN(PI()*F$103/L)*SIN(PI()*$B115/L)-U0*SIN(PI()*D$103/L)*SIN(PI()*$B115/L))/(2*dx_2)) | F115: =IF(COUNT(E$103,G$103,$B114,$B115,$B116)<5,"",(U0*SIN(PI()*G$103/L)*SIN(PI()*$B115/L)-U0*SIN(PI()*E$103/L)*SIN(PI()*$B115/L))/(2*dx_2)) | G115: =IF(COUNT(F$103,H$103,$B114,$B115,$B116)<5,"",(U0*SIN(PI()*H$103/L)*SIN(PI()*$B115/L)-U0*SIN(PI()*F$103/L)*SIN(PI()*$B115/L))/(2*dx_2)) | H115: =IF(COUNT(G$103,I$103,$B114,$B115,$B116)<5,"",(U0*SIN(PI()*I$103/L)*SIN(PI()*$B115/L)-U0*SIN(PI()*G$103/L)*SIN(PI()*$B115/L))/(2*dx_2)) | I115: =IF(COUNT(H$103,J$103,$B114,$B115,$B116)<5,"",(U0*SIN(PI()*J$103/L)*SIN(PI()*$B115/L)-U0*SIN(PI()*H$103/L)*SIN(PI()*$B115/L))/(2*dx_2)) | J115: =IF(COUNT(I$103,K$103,$B114,$B115,$B116)<5,"",(U0*SIN(PI()*K$103/L)*SIN(PI()*$B115/L)-U0*SIN(PI()*I$103/L)*SIN(PI()*$B115/L))/(2*dx_2)) | K115: =IF(COUNT(J$103,L$103,$B114,$B115,$B116)<5,"",(U0*SIN(PI()*L$103/L)*SIN(PI()*$B115/L)-U0*SIN(PI()*J$103/L)*SIN(PI()*$B115/L))/(2*dx_2)) | ... X115: =IF(COUNT(W$103,Y$103,$B114,$B115,$B116)<5,"",(U0*SIN(PI()*Y$103/L)*SIN(PI()*$B115/L)-U0*SIN(PI()*W$103/L)*SIN(PI()*$B115/L))/(2*dx_2))
A116: 12 | B116: =IF(12<=N_2,(12-0.5)*dx_2,"") | D116: =IF(COUNT(C$103,E$103,$B115,$B116,$B117)<5,"",(U0*SIN(PI()*E$103/L)*SIN(PI()*$B116/L)-U0*SIN(PI()*C$103/L)*SIN(PI()*$B116/L))/(2*dx_2)) | E116: =IF(COUNT(D$103,F$103,$B115,$B116,$B117)<5,"",(U0*SIN(PI()*F$103/L)*SIN(PI()*$B116/L)-U0*SIN(PI()*D$103/L)*SIN(PI()*$B116/L))/(2*dx_2)) | F116: =IF(COUNT(E$103,G$103,$B115,$B116,$B117)<5,"",(U0*SIN(PI()*G$103/L)*SIN(PI()*$B116/L)-U0*SIN(PI()*E$103/L)*SIN(PI()*$B116/L))/(2*dx_2)) | G116: =IF(COUNT(F$103,H$103,$B115,$B116,$B117)<5,"",(U0*SIN(PI()*H$103/L)*SIN(PI()*$B116/L)-U0*SIN(PI()*F$103/L)*SIN(PI()*$B116/L))/(2*dx_2)) | H116: =IF(COUNT(G$103,I$103,$B115,$B116,$B117)<5,"",(U0*SIN(PI()*I$103/L)*SIN(PI()*$B116/L)-U0*SIN(PI()*G$103/L)*SIN(PI()*$B116/L))/(2*dx_2)) | I116: =IF(COUNT(H$103,J$103,$B115,$B116,$B117)<5,"",(U0*SIN(PI()*J$103/L)*SIN(PI()*$B116/L)-U0*SIN(PI()*H$103/L)*SIN(PI()*$B116/L))/(2*dx_2)) | J116: =IF(COUNT(I$103,K$103,$B115,$B116,$B117)<5,"",(U0*SIN(PI()*K$103/L)*SIN(PI()*$B116/L)-U0*SIN(PI()*I$103/L)*SIN(PI()*$B116/L))/(2*dx_2)) | K116: =IF(COUNT(J$103,L$103,$B115,$B116,$B117)<5,"",(U0*SIN(PI()*L$103/L)*SIN(PI()*$B116/L)-U0*SIN(PI()*J$103/L)*SIN(PI()*$B116/L))/(2*dx_2)) | ... X116: =IF(COUNT(W$103,Y$103,$B115,$B116,$B117)<5,"",(U0*SIN(PI()*Y$103/L)*SIN(PI()*$B116/L)-U0*SIN(PI()*W$103/L)*SIN(PI()*$B116/L))/(2*dx_2))
A117: 13 | B117: =IF(13<=N_2,(13-0.5)*dx_2,"") | D117: =IF(COUNT(C$103,E$103,$B116,$B117,$B118)<5,"",(U0*SIN(PI()*E$103/L)*SIN(PI()*$B117/L)-U0*SIN(PI()*C$103/L)*SIN(PI()*$B117/L))/(2*dx_2)) | E117: =IF(COUNT(D$103,F$103,$B116,$B117,$B118)<5,"",(U0*SIN(PI()*F$103/L)*SIN(PI()*$B117/L)-U0*SIN(PI()*D$103/L)*SIN(PI()*$B117/L))/(2*dx_2)) | F117: =IF(COUNT(E$103,G$103,$B116,$B117,$B118)<5,"",(U0*SIN(PI()*G$103/L)*SIN(PI()*$B117/L)-U0*SIN(PI()*E$103/L)*SIN(PI()*$B117/L))/(2*dx_2)) | G117: =IF(COUNT(F$103,H$103,$B116,$B117,$B118)<5,"",(U0*SIN(PI()*H$103/L)*SIN(PI()*$B117/L)-U0*SIN(PI()*F$103/L)*SIN(PI()*$B117/L))/(2*dx_2)) | H117: =IF(COUNT(G$103,I$103,$B116,$B117,$B118)<5,"",(U0*SIN(PI()*I$103/L)*SIN(PI()*$B117/L)-U0*SIN(PI()*G$103/L)*SIN(PI()*$B117/L))/(2*dx_2)) | I117: =IF(COUNT(H$103,J$103,$B116,$B117,$B118)<5,"",(U0*SIN(PI()*J$103/L)*SIN(PI()*$B117/L)-U0*SIN(PI()*H$103/L)*SIN(PI()*$B117/L))/(2*dx_2)) | J117: =IF(COUNT(I$103,K$103,$B116,$B117,$B118)<5,"",(U0*SIN(PI()*K$103/L)*SIN(PI()*$B117/L)-U0*SIN(PI()*I$103/L)*SIN(PI()*$B117/L))/(2*dx_2)) | K117: =IF(COUNT(J$103,L$103,$B116,$B117,$B118)<5,"",(U0*SIN(PI()*L$103/L)*SIN(PI()*$B117/L)-U0*SIN(PI()*J$103/L)*SIN(PI()*$B117/L))/(2*dx_2)) | ... X117: =IF(COUNT(W$103,Y$103,$B116,$B117,$B118)<5,"",(U0*SIN(PI()*Y$103/L)*SIN(PI()*$B117/L)-U0*SIN(PI()*W$103/L)*SIN(PI()*$B117/L))/(2*dx_2))
A118: 14 | B118: =IF(14<=N_2,(14-0.5)*dx_2,"") | D118: =IF(COUNT(C$103,E$103,$B117,$B118,$B119)<5,"",(U0*SIN(PI()*E$103/L)*SIN(PI()*$B118/L)-U0*SIN(PI()*C$103/L)*SIN(PI()*$B118/L))/(2*dx_2)) | E118: =IF(COUNT(D$103,F$103,$B117,$B118,$B119)<5,"",(U0*SIN(PI()*F$103/L)*SIN(PI()*$B118/L)-U0*SIN(PI()*D$103/L)*SIN(PI()*$B118/L))/(2*dx_2)) | F118: =IF(COUNT(E$103,G$103,$B117,$B118,$B119)<5,"",(U0*SIN(PI()*G$103/L)*SIN(PI()*$B118/L)-U0*SIN(PI()*E$103/L)*SIN(PI()*$B118/L))/(2*dx_2)) | G118: =IF(COUNT(F$103,H$103,$B117,$B118,$B119)<5,"",(U0*SIN(PI()*H$103/L)*SIN(PI()*$B118/L)-U0*SIN(PI()*F$103/L)*SIN(PI()*$B118/L))/(2*dx_2)) | H118: =IF(COUNT(G$103,I$103,$B117,$B118,$B119)<5,"",(U0*SIN(PI()*I$103/L)*SIN(PI()*$B118/L)-U0*SIN(PI()*G$103/L)*SIN(PI()*$B118/L))/(2*dx_2)) | I118: =IF(COUNT(H$103,J$103,$B117,$B118,$B119)<5,"",(U0*SIN(PI()*J$103/L)*SIN(PI()*$B118/L)-U0*SIN(PI()*H$103/L)*SIN(PI()*$B118/L))/(2*dx_2)) | J118: =IF(COUNT(I$103,K$103,$B117,$B118,$B119)<5,"",(U0*SIN(PI()*K$103/L)*SIN(PI()*$B118/L)-U0*SIN(PI()*I$103/L)*SIN(PI()*$B118/L))/(2*dx_2)) | K118: =IF(COUNT(J$103,L$103,$B117,$B118,$B119)<5,"",(U0*SIN(PI()*L$103/L)*SIN(PI()*$B118/L)-U0*SIN(PI()*J$103/L)*SIN(PI()*$B118/L))/(2*dx_2)) | ... X118: =IF(COUNT(W$103,Y$103,$B117,$B118,$B119)<5,"",(U0*SIN(PI()*Y$103/L)*SIN(PI()*$B118/L)-U0*SIN(PI()*W$103/L)*SIN(PI()*$B118/L))/(2*dx_2))
A119: 15 | B119: =IF(15<=N_2,(15-0.5)*dx_2,"") | D119: =IF(COUNT(C$103,E$103,$B118,$B119,$B120)<5,"",(U0*SIN(PI()*E$103/L)*SIN(PI()*$B119/L)-U0*SIN(PI()*C$103/L)*SIN(PI()*$B119/L))/(2*dx_2)) | E119: =IF(COUNT(D$103,F$103,$B118,$B119,$B120)<5,"",(U0*SIN(PI()*F$103/L)*SIN(PI()*$B119/L)-U0*SIN(PI()*D$103/L)*SIN(PI()*$B119/L))/(2*dx_2)) | F119: =IF(COUNT(E$103,G$103,$B118,$B119,$B120)<5,"",(U0*SIN(PI()*G$103/L)*SIN(PI()*$B119/L)-U0*SIN(PI()*E$103/L)*SIN(PI()*$B119/L))/(2*dx_2)) | G119: =IF(COUNT(F$103,H$103,$B118,$B119,$B120)<5,"",(U0*SIN(PI()*H$103/L)*SIN(PI()*$B119/L)-U0*SIN(PI()*F$103/L)*SIN(PI()*$B119/L))/(2*dx_2)) | H119: =IF(COUNT(G$103,I$103,$B118,$B119,$B120)<5,"",(U0*SIN(PI()*I$103/L)*SIN(PI()*$B119/L)-U0*SIN(PI()*G$103/L)*SIN(PI()*$B119/L))/(2*dx_2)) | I119: =IF(COUNT(H$103,J$103,$B118,$B119,$B120)<5,"",(U0*SIN(PI()*J$103/L)*SIN(PI()*$B119/L)-U0*SIN(PI()*H$103/L)*SIN(PI()*$B119/L))/(2*dx_2)) | J119: =IF(COUNT(I$103,K$103,$B118,$B119,$B120)<5,"",(U0*SIN(PI()*K$103/L)*SIN(PI()*$B119/L)-U0*SIN(PI()*I$103/L)*SIN(PI()*$B119/L))/(2*dx_2)) | K119: =IF(COUNT(J$103,L$103,$B118,$B119,$B120)<5,"",(U0*SIN(PI()*L$103/L)*SIN(PI()*$B119/L)-U0*SIN(PI()*J$103/L)*SIN(PI()*$B119/L))/(2*dx_2)) | ... X119: =IF(COUNT(W$103,Y$103,$B118,$B119,$B120)<5,"",(U0*SIN(PI()*Y$103/L)*SIN(PI()*$B119/L)-U0*SIN(PI()*W$103/L)*SIN(PI()*$B119/L))/(2*dx_2))
A120: 16 | B120: =IF(16<=N_2,(16-0.5)*dx_2,"") | D120: =IF(COUNT(C$103,E$103,$B119,$B120,$B121)<5,"",(U0*SIN(PI()*E$103/L)*SIN(PI()*$B120/L)-U0*SIN(PI()*C$103/L)*SIN(PI()*$B120/L))/(2*dx_2)) | E120: =IF(COUNT(D$103,F$103,$B119,$B120,$B121)<5,"",(U0*SIN(PI()*F$103/L)*SIN(PI()*$B120/L)-U0*SIN(PI()*D$103/L)*SIN(PI()*$B120/L))/(2*dx_2)) | F120: =IF(COUNT(E$103,G$103,$B119,$B120,$B121)<5,"",(U0*SIN(PI()*G$103/L)*SIN(PI()*$B120/L)-U0*SIN(PI()*E$103/L)*SIN(PI()*$B120/L))/(2*dx_2)) | G120: =IF(COUNT(F$103,H$103,$B119,$B120,$B121)<5,"",(U0*SIN(PI()*H$103/L)*SIN(PI()*$B120/L)-U0*SIN(PI()*F$103/L)*SIN(PI()*$B120/L))/(2*dx_2)) | H120: =IF(COUNT(G$103,I$103,$B119,$B120,$B121)<5,"",(U0*SIN(PI()*I$103/L)*SIN(PI()*$B120/L)-U0*SIN(PI()*G$103/L)*SIN(PI()*$B120/L))/(2*dx_2)) | I120: =IF(COUNT(H$103,J$103,$B119,$B120,$B121)<5,"",(U0*SIN(PI()*J$103/L)*SIN(PI()*$B120/L)-U0*SIN(PI()*H$103/L)*SIN(PI()*$B120/L))/(2*dx_2)) | J120: =IF(COUNT(I$103,K$103,$B119,$B120,$B121)<5,"",(U0*SIN(PI()*K$103/L)*SIN(PI()*$B120/L)-U0*SIN(PI()*I$103/L)*SIN(PI()*$B120/L))/(2*dx_2)) | K120: =IF(COUNT(J$103,L$103,$B119,$B120,$B121)<5,"",(U0*SIN(PI()*L$103/L)*SIN(PI()*$B120/L)-U0*SIN(PI()*J$103/L)*SIN(PI()*$B120/L))/(2*dx_2)) | ... X120: =IF(COUNT(W$103,Y$103,$B119,$B120,$B121)<5,"",(U0*SIN(PI()*Y$103/L)*SIN(PI()*$B120/L)-U0*SIN(PI()*W$103/L)*SIN(PI()*$B120/L))/(2*dx_2))
A121: 17 | B121: =IF(17<=N_2,(17-0.5)*dx_2,"") | D121: =IF(COUNT(C$103,E$103,$B120,$B121,$B122)<5,"",(U0*SIN(PI()*E$103/L)*SIN(PI()*$B121/L)-U0*SIN(PI()*C$103/L)*SIN(PI()*$B121/L))/(2*dx_2)) | E121: =IF(COUNT(D$103,F$103,$B120,$B121,$B122)<5,"",(U0*SIN(PI()*F$103/L)*SIN(PI()*$B121/L)-U0*SIN(PI()*D$103/L)*SIN(PI()*$B121/L))/(2*dx_2)) | F121: =IF(COUNT(E$103,G$103,$B120,$B121,$B122)<5,"",(U0*SIN(PI()*G$103/L)*SIN(PI()*$B121/L)-U0*SIN(PI()*E$103/L)*SIN(PI()*$B121/L))/(2*dx_2)) | G121: =IF(COUNT(F$103,H$103,$B120,$B121,$B122)<5,"",(U0*SIN(PI()*H$103/L)*SIN(PI()*$B121/L)-U0*SIN(PI()*F$103/L)*SIN(PI()*$B121/L))/(2*dx_2)) | H121: =IF(COUNT(G$103,I$103,$B120,$B121,$B122)<5,"",(U0*SIN(PI()*I$103/L)*SIN(PI()*$B121/L)-U0*SIN(PI()*G$103/L)*SIN(PI()*$B121/L))/(2*dx_2)) | I121: =IF(COUNT(H$103,J$103,$B120,$B121,$B122)<5,"",(U0*SIN(PI()*J$103/L)*SIN(PI()*$B121/L)-U0*SIN(PI()*H$103/L)*SIN(PI()*$B121/L))/(2*dx_2)) | J121: =IF(COUNT(I$103,K$103,$B120,$B121,$B122)<5,"",(U0*SIN(PI()*K$103/L)*SIN(PI()*$B121/L)-U0*SIN(PI()*I$103/L)*SIN(PI()*$B121/L))/(2*dx_2)) | K121: =IF(COUNT(J$103,L$103,$B120,$B121,$B122)<5,"",(U0*SIN(PI()*L$103/L)*SIN(PI()*$B121/L)-U0*SIN(PI()*J$103/L)*SIN(PI()*$B121/L))/(2*dx_2)) | ... X121: =IF(COUNT(W$103,Y$103,$B120,$B121,$B122)<5,"",(U0*SIN(PI()*Y$103/L)*SIN(PI()*$B121/L)-U0*SIN(PI()*W$103/L)*SIN(PI()*$B121/L))/(2*dx_2))
A122: 18 | B122: =IF(18<=N_2,(18-0.5)*dx_2,"") | D122: =IF(COUNT(C$103,E$103,$B121,$B122,$B123)<5,"",(U0*SIN(PI()*E$103/L)*SIN(PI()*$B122/L)-U0*SIN(PI()*C$103/L)*SIN(PI()*$B122/L))/(2*dx_2)) | E122: =IF(COUNT(D$103,F$103,$B121,$B122,$B123)<5,"",(U0*SIN(PI()*F$103/L)*SIN(PI()*$B122/L)-U0*SIN(PI()*D$103/L)*SIN(PI()*$B122/L))/(2*dx_2)) | F122: =IF(COUNT(E$103,G$103,$B121,$B122,$B123)<5,"",(U0*SIN(PI()*G$103/L)*SIN(PI()*$B122/L)-U0*SIN(PI()*E$103/L)*SIN(PI()*$B122/L))/(2*dx_2)) | G122: =IF(COUNT(F$103,H$103,$B121,$B122,$B123)<5,"",(U0*SIN(PI()*H$103/L)*SIN(PI()*$B122/L)-U0*SIN(PI()*F$103/L)*SIN(PI()*$B122/L))/(2*dx_2)) | H122: =IF(COUNT(G$103,I$103,$B121,$B122,$B123)<5,"",(U0*SIN(PI()*I$103/L)*SIN(PI()*$B122/L)-U0*SIN(PI()*G$103/L)*SIN(PI()*$B122/L))/(2*dx_2)) | I122: =IF(COUNT(H$103,J$103,$B121,$B122,$B123)<5,"",(U0*SIN(PI()*J$103/L)*SIN(PI()*$B122/L)-U0*SIN(PI()*H$103/L)*SIN(PI()*$B122/L))/(2*dx_2)) | J122: =IF(COUNT(I$103,K$103,$B121,$B122,$B123)<5,"",(U0*SIN(PI()*K$103/L)*SIN(PI()*$B122/L)-U0*SIN(PI()*I$103/L)*SIN(PI()*$B122/L))/(2*dx_2)) | K122: =IF(COUNT(J$103,L$103,$B121,$B122,$B123)<5,"",(U0*SIN(PI()*L$103/L)*SIN(PI()*$B122/L)-U0*SIN(PI()*J$103/L)*SIN(PI()*$B122/L))/(2*dx_2)) | ... X122: =IF(COUNT(W$103,Y$103,$B121,$B122,$B123)<5,"",(U0*SIN(PI()*Y$103/L)*SIN(PI()*$B122/L)-U0*SIN(PI()*W$103/L)*SIN(PI()*$B122/L))/(2*dx_2))
A123: 19 | B123: =IF(19<=N_2,(19-0.5)*dx_2,"") | D123: =IF(COUNT(C$103,E$103,$B122,$B123,$B124)<5,"",(U0*SIN(PI()*E$103/L)*SIN(PI()*$B123/L)-U0*SIN(PI()*C$103/L)*SIN(PI()*$B123/L))/(2*dx_2)) | E123: =IF(COUNT(D$103,F$103,$B122,$B123,$B124)<5,"",(U0*SIN(PI()*F$103/L)*SIN(PI()*$B123/L)-U0*SIN(PI()*D$103/L)*SIN(PI()*$B123/L))/(2*dx_2)) | F123: =IF(COUNT(E$103,G$103,$B122,$B123,$B124)<5,"",(U0*SIN(PI()*G$103/L)*SIN(PI()*$B123/L)-U0*SIN(PI()*E$103/L)*SIN(PI()*$B123/L))/(2*dx_2)) | G123: =IF(COUNT(F$103,H$103,$B122,$B123,$B124)<5,"",(U0*SIN(PI()*H$103/L)*SIN(PI()*$B123/L)-U0*SIN(PI()*F$103/L)*SIN(PI()*$B123/L))/(2*dx_2)) | H123: =IF(COUNT(G$103,I$103,$B122,$B123,$B124)<5,"",(U0*SIN(PI()*I$103/L)*SIN(PI()*$B123/L)-U0*SIN(PI()*G$103/L)*SIN(PI()*$B123/L))/(2*dx_2)) | I123: =IF(COUNT(H$103,J$103,$B122,$B123,$B124)<5,"",(U0*SIN(PI()*J$103/L)*SIN(PI()*$B123/L)-U0*SIN(PI()*H$103/L)*SIN(PI()*$B123/L))/(2*dx_2)) | J123: =IF(COUNT(I$103,K$103,$B122,$B123,$B124)<5,"",(U0*SIN(PI()*K$103/L)*SIN(PI()*$B123/L)-U0*SIN(PI()*I$103/L)*SIN(PI()*$B123/L))/(2*dx_2)) | K123: =IF(COUNT(J$103,L$103,$B122,$B123,$B124)<5,"",(U0*SIN(PI()*L$103/L)*SIN(PI()*$B123/L)-U0*SIN(PI()*J$103/L)*SIN(PI()*$B123/L))/(2*dx_2)) | ... X123: =IF(COUNT(W$103,Y$103,$B122,$B123,$B124)<5,"",(U0*SIN(PI()*Y$103/L)*SIN(PI()*$B123/L)-U0*SIN(PI()*W$103/L)*SIN(PI()*$B123/L))/(2*dx_2))
A124: 20 | B124: =IF(20<=N_2,(20-0.5)*dx_2,"") | D124: =IF(COUNT(C$103,E$103,$B123,$B124,$B125)<5,"",(U0*SIN(PI()*E$103/L)*SIN(PI()*$B124/L)-U0*SIN(PI()*C$103/L)*SIN(PI()*$B124/L))/(2*dx_2)) | E124: =IF(COUNT(D$103,F$103,$B123,$B124,$B125)<5,"",(U0*SIN(PI()*F$103/L)*SIN(PI()*$B124/L)-U0*SIN(PI()*D$103/L)*SIN(PI()*$B124/L))/(2*dx_2)) | F124: =IF(COUNT(E$103,G$103,$B123,$B124,$B125)<5,"",(U0*SIN(PI()*G$103/L)*SIN(PI()*$B124/L)-U0*SIN(PI()*E$103/L)*SIN(PI()*$B124/L))/(2*dx_2)) | G124: =IF(COUNT(F$103,H$103,$B123,$B124,$B125)<5,"",(U0*SIN(PI()*H$103/L)*SIN(PI()*$B124/L)-U0*SIN(PI()*F$103/L)*SIN(PI()*$B124/L))/(2*dx_2)) | H124: =IF(COUNT(G$103,I$103,$B123,$B124,$B125)<5,"",(U0*SIN(PI()*I$103/L)*SIN(PI()*$B124/L)-U0*SIN(PI()*G$103/L)*SIN(PI()*$B124/L))/(2*dx_2)) | I124: =IF(COUNT(H$103,J$103,$B123,$B124,$B125)<5,"",(U0*SIN(PI()*J$103/L)*SIN(PI()*$B124/L)-U0*SIN(PI()*H$103/L)*SIN(PI()*$B124/L))/(2*dx_2)) | J124: =IF(COUNT(I$103,K$103,$B123,$B124,$B125)<5,"",(U0*SIN(PI()*K$103/L)*SIN(PI()*$B124/L)-U0*SIN(PI()*I$103/L)*SIN(PI()*$B124/L))/(2*dx_2)) | K124: =IF(COUNT(J$103,L$103,$B123,$B124,$B125)<5,"",(U0*SIN(PI()*L$103/L)*SIN(PI()*$B124/L)-U0*SIN(PI()*J$103/L)*SIN(PI()*$B124/L))/(2*dx_2)) | ... X124: =IF(COUNT(W$103,Y$103,$B123,$B124,$B125)<5,"",(U0*SIN(PI()*Y$103/L)*SIN(PI()*$B124/L)-U0*SIN(PI()*W$103/L)*SIN(PI()*$B124/L))/(2*dx_2))
A125: 21 | B125: =IF(21<=N_2,(21-0.5)*dx_2,"") | D125: =IF(COUNT(C$103,E$103,$B124,$B125,$B126)<5,"",(U0*SIN(PI()*E$103/L)*SIN(PI()*$B125/L)-U0*SIN(PI()*C$103/L)*SIN(PI()*$B125/L))/(2*dx_2)) | E125: =IF(COUNT(D$103,F$103,$B124,$B125,$B126)<5,"",(U0*SIN(PI()*F$103/L)*SIN(PI()*$B125/L)-U0*SIN(PI()*D$103/L)*SIN(PI()*$B125/L))/(2*dx_2)) | F125: =IF(COUNT(E$103,G$103,$B124,$B125,$B126)<5,"",(U0*SIN(PI()*G$103/L)*SIN(PI()*$B125/L)-U0*SIN(PI()*E$103/L)*SIN(PI()*$B125/L))/(2*dx_2)) | G125: =IF(COUNT(F$103,H$103,$B124,$B125,$B126)<5,"",(U0*SIN(PI()*H$103/L)*SIN(PI()*$B125/L)-U0*SIN(PI()*F$103/L)*SIN(PI()*$B125/L))/(2*dx_2)) | H125: =IF(COUNT(G$103,I$103,$B124,$B125,$B126)<5,"",(U0*SIN(PI()*I$103/L)*SIN(PI()*$B125/L)-U0*SIN(PI()*G$103/L)*SIN(PI()*$B125/L))/(2*dx_2)) | I125: =IF(COUNT(H$103,J$103,$B124,$B125,$B126)<5,"",(U0*SIN(PI()*J$103/L)*SIN(PI()*$B125/L)-U0*SIN(PI()*H$103/L)*SIN(PI()*$B125/L))/(2*dx_2)) | J125: =IF(COUNT(I$103,K$103,$B124,$B125,$B126)<5,"",(U0*SIN(PI()*K$103/L)*SIN(PI()*$B125/L)-U0*SIN(PI()*I$103/L)*SIN(PI()*$B125/L))/(2*dx_2)) | K125: =IF(COUNT(J$103,L$103,$B124,$B125,$B126)<5,"",(U0*SIN(PI()*L$103/L)*SIN(PI()*$B125/L)-U0*SIN(PI()*J$103/L)*SIN(PI()*$B125/L))/(2*dx_2)) | ... X125: =IF(COUNT(W$103,Y$103,$B124,$B125,$B126)<5,"",(U0*SIN(PI()*Y$103/L)*SIN(PI()*$B125/L)-U0*SIN(PI()*W$103/L)*SIN(PI()*$B125/L))/(2*dx_2))
A129: Absolute error of field B on the N_2 grid [1/s]
A130: i | D130: 1 | E130: 2 | F130: 3 | G130: 4 | H130: 5 | I130: 6 | J130: 7 | K130: 8 | L130: 9 | M130: 10 | N130: 11 | O130: 12 | P130: 13 | Q130: 14 | R130: 15 | S130: 16 | T130: 17 | U130: 18 | V130: 19 | W130: 20 | X130: 21
A131: x [m] | D131: =IF(1<=N_2,(1-0.5)*dx_2,"") -> 0.045454545 | E131: =IF(2<=N_2,(2-0.5)*dx_2,"") -> 0.13636364 | F131: =IF(3<=N_2,(3-0.5)*dx_2,"") -> 0.22727273 | G131: =IF(4<=N_2,(4-0.5)*dx_2,"") -> 0.31818182 | H131: =IF(5<=N_2,(5-0.5)*dx_2,"") -> 0.40909091 | I131: =IF(6<=N_2,(6-0.5)*dx_2,"") -> 0.5 | J131: =IF(7<=N_2,(7-0.5)*dx_2,"") -> 0.59090909 | K131: =IF(8<=N_2,(8-0.5)*dx_2,"") -> 0.68181818 | L131: =IF(9<=N_2,(9-0.5)*dx_2,"") -> 0.77272727 | M131: =IF(10<=N_2,(10-0.5)*dx_2,"") -> 0.86363636 | N131: =IF(11<=N_2,(11-0.5)*dx_2,"") -> 0.95454545 | O131: =IF(12<=N_2,(12-0.5)*dx_2,"") | P131: =IF(13<=N_2,(13-0.5)*dx_2,"") | Q131: =IF(14<=N_2,(14-0.5)*dx_2,"") | R131: =IF(15<=N_2,(15-0.5)*dx_2,"") | S131: =IF(16<=N_2,(16-0.5)*dx_2,"") | T131: =IF(17<=N_2,(17-0.5)*dx_2,"") | U131: =IF(18<=N_2,(18-0.5)*dx_2,"") | V131: =IF(19<=N_2,(19-0.5)*dx_2,"") | W131: =IF(20<=N_2,(20-0.5)*dx_2,"") | X131: =IF(21<=N_2,(21-0.5)*dx_2,"")
A132: j | B132: y [m]
A133: 1 | B133: =IF(1<=N_2,(1-0.5)*dx_2,"") -> 0.045454545 | D133: =IF(COUNT(D105)<1,"",ABS(D105-(PI()*U0/L)*COS(PI()*D$131/L)*SIN(PI()*$B133/L))) | E133: =IF(COUNT(E105)<1,"",ABS(E105-(PI()*U0/L)*COS(PI()*E$131/L)*SIN(PI()*$B133/L))) | F133: =IF(COUNT(F105)<1,"",ABS(F105-(PI()*U0/L)*COS(PI()*F$131/L)*SIN(PI()*$B133/L))) | G133: =IF(COUNT(G105)<1,"",ABS(G105-(PI()*U0/L)*COS(PI()*G$131/L)*SIN(PI()*$B133/L))) | H133: =IF(COUNT(H105)<1,"",ABS(H105-(PI()*U0/L)*COS(PI()*H$131/L)*SIN(PI()*$B133/L))) | I133: =IF(COUNT(I105)<1,"",ABS(I105-(PI()*U0/L)*COS(PI()*I$131/L)*SIN(PI()*$B133/L))) | J133: =IF(COUNT(J105)<1,"",ABS(J105-(PI()*U0/L)*COS(PI()*J$131/L)*SIN(PI()*$B133/L))) | K133: =IF(COUNT(K105)<1,"",ABS(K105-(PI()*U0/L)*COS(PI()*K$131/L)*SIN(PI()*$B133/L))) | ... X133: =IF(COUNT(X105)<1,"",ABS(X105-(PI()*U0/L)*COS(PI()*X$131/L)*SIN(PI()*$B133/L)))
...

Sheet Plots
A1: F01 · Plots
A2: The two blocks below show the discrete divergence as a contour. Blue is negative, red is positive, white is zero.
A4: Field A: discrete divergence [1/s]
B5: =Solver!D64 | C5: =Solver!E64 | D5: =Solver!F64 | E5: =Solver!G64 | F5: =Solver!H64 | G5: =Solver!I64 | H5: =Solver!J64 | I5: =Solver!K64 | ... V5: =Solver!X64
B6: =Solver!D65 | C6: =Solver!E65 -> 0 | D6: =Solver!F65 -> 0 | E6: =Solver!G65 -> -4.4408921e-16 | F6: =Solver!H65 -> 4.4408921e-16 | G6: =Solver!I65 -> 4.4408921e-16 | H6: =Solver!J65 -> -2.220446e-16 | I6: =Solver!K65 -> -1.5543122e-15 | ... V6: =Solver!X65
B7: =Solver!D66 | C7: =Solver!E66 -> 0 | D7: =Solver!F66 -> 0 | E7: =Solver!G66 -> 4.4408921e-16 | F7: =Solver!H66 -> -4.4408921e-16 | G7: =Solver!I66 -> 2.220446e-16 | H7: =Solver!J66 -> 8.8817842e-16 | I7: =Solver!K66 -> -6.6613381e-16 | ... V7: =Solver!X66
B8: =Solver!D67 | C8: =Solver!E67 -> 4.4408921e-16 | D8: =Solver!F67 -> -4.4408921e-16 | E8: =Solver!G67 -> 0 | F8: =Solver!H67 -> 0 | G8: =Solver!I67 -> 2.220446e-16 | H8: =Solver!J67 -> 8.8817842e-16 | I8: =Solver!K67 -> -2.4424907e-15 | ... V8: =Solver!X67
B9: =Solver!D68 | C9: =Solver!E68 -> -4.4408921e-16 | D9: =Solver!F68 -> 4.4408921e-16 | E9: =Solver!G68 -> 0 | F9: =Solver!H68 -> 0 | G9: =Solver!I68 -> 1.3322676e-15 | H9: =Solver!J68 -> 6.6613381e-16 | I9: =Solver!K68 -> -1.7763568e-15 | ... V9: =Solver!X68
B10: =Solver!D69 | C10: =Solver!E69 -> -4.4408921e-16 | D10: =Solver!F69 -> -2.220446e-16 | E10: =Solver!G69 -> -2.220446e-16 | F10: =Solver!H69 -> -1.3322676e-15 | G10: =Solver!I69 -> 0 | H10: =Solver!J69 -> 6.6613381e-16 | I10: =Solver!K69 -> -1.110223e-15 | ... V10: =Solver!X69
B11: =Solver!D70 | C11: =Solver!E70 -> 2.220446e-16 | D11: =Solver!F70 -> -8.8817842e-16 | E11: =Solver!G70 -> -8.8817842e-16 | F11: =Solver!H70 -> -6.6613381e-16 | G11: =Solver!I70 -> -6.6613381e-16 | H11: =Solver!J70 -> 0 | I11: =Solver!K70 -> -1.2212453e-15 | ... V11: =Solver!X70
B12: =Solver!D71 | C12: =Solver!E71 -> 1.5543122e-15 | D12: =Solver!F71 -> 6.6613381e-16 | E12: =Solver!G71 -> 2.4424907e-15 | F12: =Solver!H71 -> 1.7763568e-15 | G12: =Solver!I71 -> 1.110223e-15 | H12: =Solver!J71 -> 1.2212453e-15 | I12: =Solver!K71 -> 0 | ... V12: =Solver!X71
B13: =Solver!D72 | C13: =Solver!E72 -> -1.2212453e-15 | D13: =Solver!F72 -> -5.5511151e-16 | E13: =Solver!G72 -> -1.110223e-16 | F13: =Solver!H72 -> -5.5511151e-16 | G13: =Solver!I72 -> 2.220446e-16 | H13: =Solver!J72 -> 0 | I13: =Solver!K72 -> -5.5511151e-16 | ... V13: =Solver!X72
B14: =Solver!D73 | C14: =Solver!E73 -> -4.9960036e-16 | D14: =Solver!F73 -> 3.8857806e-16 | E14: =Solver!G73 -> -2.220446e-16 | F14: =Solver!H73 -> 0 | G14: =Solver!I73 -> 3.3306691e-16 | H14: =Solver!J73 -> -2.7755576e-16 | I14: =Solver!K73 -> -1.3877788e-16 | ... V14: =Solver!X73
B15: =Solver!D74 | C15: =Solver!E74 -> 1.869218e-16 | D15: =Solver!F74 -> 1.7847535e-16 | E15: =Solver!G74 -> 1.6604205e-16 | F15: =Solver!H74 -> 1.4989965e-16 | G15: =Solver!I74 -> 1.3040873e-16 | H15: =Solver!J74 -> 1.0800471e-16 | I15: =Solver!K74 -> 8.3188029e-17 | ... V15: =Solver!X74
B16: =Solver!D75 | C16: =Solver!E75 -> 1.5543122e-15 | D16: =Solver!F75 -> 5.5511151e-16 | E16: =Solver!G75 -> 1.0547119e-15 | F16: =Solver!H75 -> 7.2164497e-16 | G16: =Solver!I75 -> 4.4408921e-16 | H16: =Solver!J75 -> 9.9920072e-16 | I16: =Solver!K75 -> 4.1633363e-16 | ... V16: =Solver!X75
... B25: =Solver!D84 | C25: =Solver!E84 | D25: =Solver!F84 | E25: =Solver!G84 | F25: =Solver!H84 | G25: =Solver!I84 | H25: =Solver!J84 | I25: =Solver!K84 | ... V25: =Solver!X84
A28: Field B: discrete divergence [1/s]
B29: =Solver!D148 | C29: =Solver!E148 | D29: =Solver!F148 | E29: =Solver!G148 | F29: =Solver!H148 | G29: =Solver!I148 | H29: =Solver!J148 | I29: =Solver!K148 | ... V29: =Solver!X148
B30: =Solver!D149 | C30: =Solver!E149 -> 0.67900367 | D30: =Solver!F149 -> 0.64832146 | E30: =Solver!G149 -> 0.60315682 | F30: =Solver!H149 -> 0.54451866 | G30: =Solver!I149 -> 0.47371685 | H30: =Solver!J149 -> 0.39233299 | I30: =Solver!K149 -> 0.30218506 | ... V30: =Solver!X149
B31: =Solver!D150 | C31: =Solver!E150 -> 1.114807 | D31: =Solver!F150 -> 1.0644321 | E31: =Solver!G150 -> 0.99027956 | F31: =Solver!H150 -> 0.8940058 | G31: =Solver!I150 -> 0.77776143 | H31: =Solver!J150 -> 0.64414316 | I31: =Solver!K150 -> 0.49613579 | ... V31: =Solver!X150
B32: =Solver!D151 | C32: =Solver!E151 -> 1.5257074 | D32: =Solver!F151 -> 1.4567651 | E32: =Solver!G151 -> 1.3552811 | F32: =Solver!H151 -> 1.2235223 | G32: =Solver!I151 -> 1.0644321 | H32: =Solver!J151 -> 0.88156423 | I32: =Solver!K151 -> 0.67900367 | ... V32: =Solver!X151
B33: =Solver!D152 | C33: =Solver!E152 -> 1.902526 | D33: =Solver!F152 -> 1.8165564 | E33: =Solver!G152 -> 1.6900079 | F33: =Solver!H152 -> 1.5257074 | G33: =Solver!I152 -> 1.3273251 | H33: =Solver!J152 -> 1.0992926 | I33: =Solver!K152 -> 0.84670372 | ... V33: =Solver!X152
B34: =Solver!D153 | C34: =Solver!E153 -> 2.2368453 | D34: =Solver!F153 -> 2.1357688 | E34: =Solver!G153 -> 1.9869827 | F34: =Solver!H153 -> 1.7938107 | G34: =Solver!I153 -> 1.5605679 | H34: =Solver!J153 -> 1.2924646 | I34: =Solver!K153 -> 0.99548982 | ... V34: =Solver!X153
B35: =Solver!D154 | C35: =Solver!E154 -> 2.5211972 | D35: =Solver!F154 -> 2.4072716 | E35: =Solver!G154 -> 2.2395716 | F35: =Solver!H154 -> 2.0218432 | G35: =Solver!I154 -> 1.7589502 | H35: =Solver!J154 -> 1.4567651 | I35: =Solver!K154 -> 1.1220383 | ... V35: =Solver!X154
B36: =Solver!D155 | C36: =Solver!E155 -> 2.7492297 | D36: =Solver!F155 -> 2.625 | E36: =Solver!G155 -> 2.4421321 | F36: =Solver!H155 -> 2.2047111 | G36: =Solver!I155 -> 1.9180404 | H36: =Solver!J155 -> 1.5885239 | I36: =Solver!K155 -> 1.2235223 | ... V36: =Solver!X155
B37: =Solver!D156 | C37: =Solver!E156 -> 2.915849 | D37: =Solver!F156 -> 2.7840902 | E37: =Solver!G156 -> 2.5901395 | F37: =Solver!H156 -> 2.3383293 | G37: =Solver!I156 -> 2.0342847 | H37: =Solver!J156 -> 1.6847976 | I37: =Solver!K156 -> 1.2976749 | ... V37: =Solver!X156
B38: =Solver!D157 | C38: =Solver!E157 -> 3.017333 | D38: =Solver!F157 -> 2.8809885 | E38: =Solver!G157 -> 2.6802874 | F38: =Solver!H157 -> 2.4197132 | G38: =Solver!I157 -> 2.1050866 | H38: =Solver!J157 -> 1.7434358 | I38: =Solver!K157 -> 1.3428395 | ... V38: =Solver!X157
B39: =Solver!D158 | C39: =Solver!E158 -> 3.0514148 | D39: =Solver!F158 -> 2.9135302 | E39: =Solver!G158 -> 2.7105622 | F39: =Solver!H158 -> 2.4470447 | G39: =Solver!I158 -> 2.1288642 | H39: =Solver!J158 -> 1.7631285 | I39: =Solver!K158 -> 1.3580073 | ... V39: =Solver!X158
B40: =Solver!D159 | C40: =Solver!E159 -> 3.017333 | D40: =Solver!F159 -> 2.8809885 | E40: =Solver!G159 -> 2.6802874 | F40: =Solver!H159 -> 2.4197132 | G40: =Solver!I159 -> 2.1050866 | H40: =Solver!J159 -> 1.7434358 | I40: =Solver!K159 -> 1.3428395 | ... V40: =Solver!X159
... B49: =Solver!D168 | C49: =Solver!E168 | D49: =Solver!F168 | E49: =Solver!G168 | F49: =Solver!H168 | G49: =Solver!I168 | H49: =Solver!J168 | I49: =Solver!K168 | ... V49: =Solver!X168
